Time,RewardLog,QuadX,QuadY,QuadZ,QuestX,QuestY,QuestZ,QuestRx,QuestRy,QuestRz,LeftX,LeftY,LeftZ,LeftRx,LeftRy,LeftRz,RightX,RightY,RightZ,RightRx,RightRy,RightRz
3/16/2023 10:52:37 AM,14,-208.700043,0.005455943,-0.399994582,0,0,0,0,0,0,-0.09579987,-0.08219545,-0.000200180337,359.307068,273.39502,2.56102467,-0.07997297,-0.0969996452,0.0100067267,1.116845,272.630554,2.74147987
3/16/2023 10:52:37 AM,14,-208.700043,0.005455943,-0.399994582,0,0,0,0,0,0,-0.09579987,-0.08219545,-0.000200180337,359.307068,273.39502,2.56102467,-0.07997297,-0.0969996452,0.0100067267,1.116845,272.630554,2.74147987
3/16/2023 10:52:39 AM,14,-208.700043,0.005455943,-0.399994582,2273.967,-2117.8335,1280.599,65.5730743,173.6724,168.44957,-0.09579987,-0.08219545,-0.000200180337,359.307068,273.39502,2.56102467,-0.07997297,-0.0969996452,0.0100067267,1.116845,272.630554,2.74147987
3/16/2023 10:52:39 AM,14,-208.700287,0.172632039,-0.3049027,2275.00854,-2123.65259,1270.33875,70.95966,171.149979,166.374054,-0.09579987,-0.08219545,-0.000200180337,359.307068,273.39502,2.56102467,-0.07997297,-0.0969996452,0.0100067267,1.116845,272.630554,2.74147987
3/16/2023 10:52:39 AM,14,-208.700272,0.17197071,-0.304745317,2275.00732,-2124.67529,1267.68872,70.93172,170.549423,166.85379,-0.09579987,-0.08219545,-0.000200180337,359.307068,273.39502,2.56102467,-0.07997297,-0.0969996452,0.0100067267,1.116845,272.630554,2.74147987
3/16/2023 10:52:39 AM,14,-208.700287,0.172854021,-0.303505272,2275.07446,-2125.39917,1266.91833,70.97369,170.240433,166.0514,1.92664373,0.818068862,2.23968077,340.967865,192.505753,3.268684,-0.07997297,-0.0969996452,0.0100067267,1.116845,272.630554,2.74147987
3/16/2023 10:52:39 AM,14,-208.700272,0.1724568,-0.3042167,2275.19946,-2126.435,1265.76025,73.00847,170.9811,166.724487,1.92832983,0.816505,2.242934,341.253082,193.934677,1.22875273,-0.07997297,-0.0969996452,0.0100067267,1.116845,272.630554,2.74147987
3/16/2023 10:52:39 AM,14,-208.700134,0.172326252,-0.3040475,2276.69141,-2135.87378,1259.39575,74.3782043,168.097992,163.310745,1.92832983,0.816505,2.242934,341.253082,193.934677,1.22875273,-0.07997297,-0.0969996452,0.0100067267,1.116845,272.630554,2.74147987
3/16/2023 10:52:39 AM,14,-208.700012,0.17415987,-0.30398798,2279.48,-2154.31616,1253.80664,73.90922,177.394638,171.900955,1.92832983,0.816505,2.242934,341.253082,193.934677,1.22875273,-0.07997297,-0.0969996452,0.0100067267,1.116845,272.630554,2.74147987
3/16/2023 10:52:39 AM,14,-208.699844,0.17459932,-0.303909928,2274.77515,-2182.86377,1250.69116,73.70884,177.481888,173.0413,1.92832983,0.816505,2.242934,341.253082,193.934677,1.22875273,-0.07997297,-0.0969996452,0.0100067267,1.116845,272.630554,2.74147987
3/16/2023 10:52:39 AM,14,-208.6997,0.172557637,-0.3039428,2265.29932,-2224.255,1249.81213,76.29603,181.577,179.693634,1.92832983,0.816505,2.242934,341.253082,193.934677,1.22875273,-0.07997297,-0.0969996452,0.0100067267,1.116845,272.630554,2.74147987
3/16/2023 10:52:39 AM,14,-208.699554,0.172737747,-0.303726465,2253.748,-2269.137,1256.55139,71.43748,184.624619,182.6711,1.92832983,0.816505,2.242934,341.253082,193.934677,1.22875273,-0.07997297,-0.0969996452,0.0100067267,1.116845,272.630554,2.74147987
3/16/2023 10:52:39 AM,14,-208.699387,0.171252191,-0.3041684,2237.56128,-2307.58643,1261.316,76.40637,189.404541,189.4738,1.92832983,0.816505,2.242934,341.253082,193.934677,1.22875273,-0.07997297,-0.0969996452,0.0100067267,1.116845,272.630554,2.74147987
3/16/2023 10:52:39 AM,14,-208.6992,0.173181757,-0.304684937,2222.05225,-2344.82422,1260.91089,77.92858,190.130081,189.812485,1.92832983,0.816505,2.242934,341.253082,193.934677,1.22875273,-0.07997297,-0.0969996452,0.0100067267,1.116845,272.630554,2.74147987
3/16/2023 10:52:39 AM,14,-208.699051,0.173386633,-0.303859472,2201.508,-2384.88013,1251.24854,72.98456,176.3059,175.814514,1.92832983,0.816505,2.242934,341.253082,193.934677,1.22875273,-0.07997297,-0.0969996452,0.0100067267,1.116845,272.630554,2.74147987
3/16/2023 10:52:40 AM,14,-208.698868,0.172271609,-0.304530382,2180.607,-2419.07544,1247.30029,81.1808,159.821091,159.372421,1.92832983,0.816505,2.242934,341.253082,193.934677,1.22875273,-0.07997297,-0.0969996452,0.0100067267,1.116845,272.630554,2.74147987
3/16/2023 10:52:40 AM,14,-208.698715,0.172688037,-0.302999347,2152.79932,-2461.157,1247.8551,76.77779,143.155487,141.811981,1.92832983,0.816505,2.242934,341.253082,193.934677,1.22875273,-0.07997297,-0.0969996452,0.0100067267,1.116845,272.630554,2.74147987
3/16/2023 10:52:40 AM,14,-208.698547,0.171982214,-0.3033738,2131.19775,-2490.93115,1247.1095,76.8694,123.490112,121.640251,1.92832983,0.816505,2.242934,341.253082,193.934677,1.22875273,-0.07997297,-0.0969996452,0.0100067267,1.116845,272.630554,2.74147987
3/16/2023 10:52:40 AM,14,-208.69838,0.171166033,-0.304417551,2110.84253,-2524.18677,1248.59387,70.76226,126.963837,123.202927,1.92832983,0.816505,2.242934,341.253082,193.934677,1.22875273,-0.07997297,-0.0969996452,0.0100067267,1.116845,272.630554,2.74147987
3/16/2023 10:52:40 AM,14,-208.698212,0.1710025,-0.304441154,2091.87036,-2552.11279,1246.512,61.15694,120.230782,115.863708,1.92832983,0.816505,2.242934,341.253082,193.934677,1.22875273,-0.07997297,-0.0969996452,0.0100067267,1.116845,272.630554,2.74147987
3/16/2023 10:52:40 AM,14,-208.698044,0.173627958,-0.304481655,2070.59766,-2571.889,1243.2113,63.3381081,119.12484,114.564873,1.92832983,0.816505,2.242934,341.253082,193.934677,1.22875273,-0.07997297,-0.0969996452,0.0100067267,1.116845,272.630554,2.74147987
3/16/2023 10:52:40 AM,14,-208.697861,0.173704579,-0.304030776,2038.189,-2580.51318,1231.78979,61.7141342,112.74733,109.030411,1.92832983,0.816505,2.242934,341.253082,193.934677,1.22875273,-0.07997297,-0.0969996452,0.0100067267,1.116845,272.630554,2.74147987
3/16/2023 10:52:40 AM,14,-208.697708,0.173175186,-0.30374518,1992.48376,-2568.968,1207.399,60.5710869,112.195686,108.9968,1.92832983,0.816505,2.242934,341.253082,193.934677,1.22875273,-0.07997297,-0.0969996452,0.0100067267,1.116845,272.630554,2.74147987
3/16/2023 10:52:40 AM,14,-208.69754,0.171688765,-0.303422272,1944.0354,-2538.312,1178.84363,60.226902,101.120979,98.82835,1.92832983,0.816505,2.242934,341.253082,193.934677,1.22875273,-0.07997297,-0.0969996452,0.0100067267,1.116845,272.630554,2.74147987
3/16/2023 10:52:40 AM,14,-208.697357,0.172965854,-0.3040884,1887.94543,-2493.47217,1144.44434,59.19453,98.65214,95.92198,1.92832983,0.816505,2.242934,341.253082,193.934677,1.22875273,-0.07997297,-0.0969996452,0.0100067267,1.116845,272.630554,2.74147987
3/16/2023 10:52:41 AM,14,-208.697189,0.172002926,-0.304226249,1820.16956,-2444.466,1101.87183,58.1076,84.81495,83.9260254,1.92832983,0.816505,2.242934,341.253082,193.934677,1.22875273,-0.07997297,-0.0969996452,0.0100067267,1.116845,272.630554,2.74147987
3/16/2023 10:52:41 AM,14,-208.697,0.172451377,-0.30394417,1742.43237,-2393.212,1066.04016,56.46871,84.74048,84.68717,1.92832983,0.816505,2.242934,341.253082,193.934677,1.22875273,-0.07997297,-0.0969996452,0.0100067267,1.116845,272.630554,2.74147987
3/16/2023 10:52:41 AM,14,-208.6969,0.174377263,-0.304047465,1658.79688,-2348.51636,1060.9231,55.1704559,77.21573,79.8913651,1.92832983,0.816505,2.242934,341.253082,193.934677,1.22875273,-0.07997297,-0.0969996452,0.0100067267,1.116845,272.630554,2.74147987
3/16/2023 10:52:41 AM,14,-208.6967,0.173104957,-0.30403626,1586.72656,-2331.92139,1117.0127,52.4333229,91.92669,94.1339,2.285758,0.789536536,1.51097465,8.224953,145.848129,13.5705194,-0.07997297,-0.0969996452,0.0100067267,1.116845,272.630554,2.74147987
3/16/2023 10:52:41 AM,14,-208.696548,0.17146723,-0.3049425,1522.08142,-2341.63428,1200.417,45.7851219,106.69516,107.019119,2.285758,0.789536536,1.51097465,8.224953,145.848129,13.5705194,-0.07997297,-0.0969996452,0.0100067267,1.116845,272.630554,2.74147987
3/16/2023 10:52:41 AM,14,-208.696365,0.1723441,-0.304115027,1450.61609,-2369.38916,1297.45459,39.88352,104.886688,106.038994,2.285758,0.789536536,1.51097465,8.224953,145.848129,13.5705194,-0.07997297,-0.0969996452,0.0100067267,1.116845,272.630554,2.74147987
3/16/2023 10:52:41 AM,14,-208.696228,0.172139242,-0.30439648,1380.21875,-2410.27344,1407.4231,32.7681541,108.439484,109.331345,2.285758,0.789536536,1.51097465,8.224953,145.848129,13.5705194,-0.07997297,-0.0969996452,0.0100067267,1.116845,272.630554,2.74147987
3/16/2023 10:52:41 AM,14,-208.69606,0.1735337,-0.3036449,1324.12439,-2461.0354,1525.84436,27.7033615,111.323906,111.867371,2.285758,0.789536536,1.51097465,8.224953,145.848129,13.5705194,-0.07997297,-0.0969996452,0.0100067267,1.116845,272.630554,2.74147987
3/16/2023 10:52:41 AM,14,-208.6959,0.173828363,-0.304094821,1294.03235,-2521.02539,1642.09814,25.7329044,114.673317,111.353821,2.285758,0.789536536,1.51097465,8.224953,145.848129,13.5705194,-0.07997297,-0.0969996452,0.0100067267,1.116845,272.630554,2.74147987
3/16/2023 10:52:41 AM,14,-208.695724,0.173631191,-0.304709315,1276.70288,-2570.818,1726.20007,24.062027,113.2805,109.271873,2.521375,1.09012425,1.28804612,359.791931,147.136612,290.1844,-0.07997297,-0.0969996452,0.0100067267,1.116845,272.630554,2.74147987
3/16/2023 10:52:42 AM,14,-208.695557,0.172290057,-0.304072022,1268.03455,-2597.495,1770.82751,23.4779854,109.883888,104.913368,2.521375,1.09012425,1.28804612,359.791931,147.136612,290.1844,-0.07997297,-0.0969996452,0.0100067267,1.116845,272.630554,2.74147987
3/16/2023 10:52:42 AM,14,-208.695374,0.172601059,-0.304666042,1252.452,-2600.694,1780.47864,22.5160885,106.189308,100.069305,2.521375,1.09012425,1.28804612,359.791931,147.136612,290.1844,-0.07997297,-0.0969996452,0.0100067267,1.116845,272.630554,2.74147987
3/16/2023 10:52:42 AM,14,-208.695221,0.172323525,-0.303815037,1211.487,-2606.16577,1755.7157,17.50447,98.48299,93.7293,2.521375,1.09012425,1.28804612,359.791931,147.136612,290.1844,-0.07997297,-0.0969996452,0.0100067267,1.116845,272.630554,2.74147987
3/16/2023 10:52:42 AM,14,-208.695053,0.172757044,-0.304671377,1141.54663,-2640.32178,1697.17944,7.26694059,85.78579,88.00337,2.521375,1.09012425,1.28804612,359.791931,147.136612,290.1844,-0.07997297,-0.0969996452,0.0100067267,1.116845,272.630554,2.74147987
3/16/2023 10:52:42 AM,14,-208.694885,0.172485873,-0.304755151,1075.94556,-2702.01367,1629.74377,352.729828,73.21903,90.3077,2.521375,1.09012425,1.28804612,359.791931,147.136612,290.1844,-0.07997297,-0.0969996452,0.0100067267,1.116845,272.630554,2.74147987
3/16/2023 10:52:42 AM,14,-208.6947,0.173134312,-0.3040026,1038.69312,-2742.139,1596.44519,342.2862,71.7398148,89.64766,2.521375,1.09012425,1.28804612,359.791931,147.136612,290.1844,-0.07997297,-0.0969996452,0.0100067267,1.116845,272.630554,2.74147987
3/16/2023 10:52:42 AM,14,-208.694565,0.172665015,-0.304209828,1038.69312,-2742.139,1596.44519,342.2862,71.7398148,89.64766,2.521375,1.09012425,1.28804612,359.791931,147.136612,290.1844,-0.07997297,-0.0969996452,0.0100067267,1.116845,272.630554,2.74147987
3/16/2023 10:52:42 AM,14,-208.694382,0.173608452,-0.304760158,1038.69312,-2742.139,1596.44519,342.2862,71.7398148,89.64766,2.521375,1.09012425,1.28804612,359.791931,147.136612,290.1844,-0.07997297,-0.0969996452,0.0100067267,1.116845,272.630554,2.74147987
3/16/2023 10:52:42 AM,14,-208.694229,0.173543349,-0.303771883,1038.69312,-2742.139,1596.44519,342.2862,71.7398148,89.64766,2.521375,1.09012425,1.28804612,359.791931,147.136612,290.1844,-0.07997297,-0.0969996452,0.0100067267,1.116845,272.630554,2.74147987
3/16/2023 10:52:42 AM,14,-208.694046,0.171861291,-0.304061472,1038.69312,-2742.139,1596.44519,342.2862,71.7398148,89.64766,2.521375,1.09012425,1.28804612,359.791931,147.136612,290.1844,-0.07997297,-0.0969996452,0.0100067267,1.116845,272.630554,2.74147987
3/16/2023 10:52:43 AM,14,-208.6939,0.172996551,-0.304119647,1038.69312,-2742.139,1596.44519,342.2862,71.7398148,89.64766,2.521375,1.09012425,1.28804612,359.791931,147.136612,290.1844,-0.07997297,-0.0969996452,0.0100067267,1.116845,272.630554,2.74147987
3/16/2023 10:52:43 AM,14,-208.693726,0.172503039,-0.3050973,1038.69312,-2742.139,1596.44519,342.2862,71.7398148,89.64766,2.521375,1.09012425,1.28804612,359.791931,147.136612,290.1844,-0.07997297,-0.0969996452,0.0100067267,1.116845,272.630554,2.74147987
3/16/2023 10:52:43 AM,14,-208.693558,0.171879977,-0.304440916,1038.69312,-2742.139,1596.44519,342.2862,71.7398148,89.64766,2.521375,1.09012425,1.28804612,359.791931,147.136612,290.1844,-0.07997297,-0.0969996452,0.0100067267,1.116845,272.630554,2.74147987
3/16/2023 10:52:43 AM,14,-208.693359,0.172210723,-0.304205328,1038.69312,-2742.139,1596.44519,342.2862,71.7398148,89.64766,2.831707,1.55122042,0.7260532,1.52070844,121.060951,255.253387,-0.07997297,-0.0969996452,0.0100067267,1.116845,272.630554,2.74147987
3/16/2023 10:52:43 AM,14,-208.6932,0.172667354,-0.303811073,1038.69312,-2742.139,1596.44519,342.2862,71.7398148,89.64766,2.84199882,1.55986488,0.7275505,356.350861,122.197411,253.642792,-0.07997297,-0.0969996452,0.0100067267,1.116845,272.630554,2.74147987
3/16/2023 10:52:43 AM,14,-208.693024,0.172537908,-0.304538,731.3707,-2679.865,1617.4397,31.1021748,187.478561,1.19029355,2.84199882,1.55986488,0.7275505,356.350861,122.197411,253.642792,-0.07997297,-0.0969996452,0.0100067267,1.116845,272.630554,2.74147987
3/16/2023 10:52:43 AM,14,-208.692871,0.172248647,-0.303938866,734.8661,-2672.108,1618.10181,29.13273,179.595673,351.1656,2.84199882,1.55986488,0.7275505,356.350861,122.197411,253.642792,-0.07997297,-0.0969996452,0.0100067267,1.116845,272.630554,2.74147987
3/16/2023 10:52:43 AM,14,-208.6927,0.172254831,-0.3042747,723.8137,-2519.27881,1659.37329,359.828339,50.46896,56.9275551,2.84199882,1.55986488,0.7275505,356.350861,122.197411,253.642792,-0.07997297,-0.0969996452,0.0100067267,1.116845,272.630554,2.74147987
3/16/2023 10:52:43 AM,14,-208.692551,0.172174737,-0.304137468,723.8137,-2519.27881,1659.37329,359.828339,50.46896,56.9275551,2.84199882,1.55986488,0.7275505,356.350861,122.197411,253.642792,-0.07997297,-0.0969996452,0.0100067267,1.116845,272.630554,2.74147987
3/16/2023 10:52:43 AM,14,-208.692383,0.172298253,-0.3037753,723.8137,-2519.27881,1659.37329,359.828339,50.46896,56.9275551,2.29380631,1.55065,0.7604617,17.1036987,240.267166,338.587,-0.07997297,-0.0969996452,0.0100067267,1.116845,272.630554,2.74147987
3/16/2023 10:52:44 AM,14,-208.69223,0.171463862,-0.3033201,742.4411,-2260.285,1605.05579,60.9053574,28.422102,41.07443,2.37241459,1.64292228,0.6829893,22.33388,139.541031,141.1618,2.31326532,1.693463,0.814166546,341.127319,102.149445,293.8878
3/16/2023 10:52:44 AM,14,-208.6922,0.171827316,-0.303834736,739.767639,-2239.15869,1603.51807,55.9024544,17.5891972,29.1011353,2.37241459,1.64292228,0.6829893,22.33388,139.541031,141.1618,2.31326532,1.693463,0.814166546,341.127319,102.149445,293.8878
3/16/2023 10:52:44 AM,14,-208.692139,0.171504259,-0.304128438,726.9201,-2187.56372,1609.14319,60.6346436,18.99565,29.7365265,2.37241459,1.64292228,0.6829893,22.33388,139.541031,141.1618,2.31326532,1.693463,0.814166546,341.127319,102.149445,293.8878
3/16/2023 10:52:44 AM,14,-208.692062,0.17308262,-0.304012716,709.190552,-2150.24756,1613.76172,55.6508331,10.759326,19.3508568,2.37241459,1.64292228,0.6829893,22.33388,139.541031,141.1618,2.31326532,1.693463,0.814166546,341.127319,102.149445,293.8878
3/16/2023 10:52:44 AM,14,-208.691971,0.172985181,-0.30380103,686.5602,-2107.24487,1618.71143,60.8461533,18.49032,23.7680626,2.37241459,1.64292228,0.6829893,22.33388,139.541031,141.1618,2.31326532,1.693463,0.814166546,341.127319,102.149445,293.8878
3/16/2023 10:52:44 AM,14,-208.691818,0.1719699,-0.304660261,655.307739,-2063.37524,1625.338,56.879,12.3462543,15.4699211,2.37241459,1.64292228,0.6829893,22.33388,139.541031,141.1618,2.31326532,1.693463,0.814166546,341.127319,102.149445,293.8878
3/16/2023 10:52:44 AM,14,-208.6917,0.172851428,-0.304767966,624.6292,-2021.17749,1634.8302,66.24398,25.9587727,25.3792114,2.37241459,1.64292228,0.6829893,22.33388,139.541031,141.1618,2.31326532,1.693463,0.814166546,341.127319,102.149445,293.8878
3/16/2023 10:52:44 AM,14,-208.691528,0.172815859,-0.304437637,602.4571,-1977.75293,1645.54944,66.3212662,14.8597994,11.885994,2.37241459,1.64292228,0.6829893,22.33388,139.541031,141.1618,2.31326532,1.693463,0.814166546,341.127319,102.149445,293.8878
3/16/2023 10:52:44 AM,14,-208.691376,0.1737864,-0.304994851,589.946533,-1939.17786,1648.80054,63.637207,1.89420128,357.792236,2.37241459,1.64292228,0.6829893,22.33388,139.541031,141.1618,2.31326532,1.693463,0.814166546,341.127319,102.149445,293.8878
3/16/2023 10:52:44 AM,14,-208.691223,0.1745713,-0.303758025,582.0099,-1896.54688,1657.6217,66.95241,1.33516777,356.052856,2.37241459,1.64292228,0.6829893,22.33388,139.541031,141.1618,2.31326532,1.693463,0.814166546,341.127319,102.149445,293.8878
3/16/2023 10:52:45 AM,14,-208.691086,0.172510251,-0.303607672,583.2038,-1844.1709,1659.60913,69.15608,2.7728703,356.021759,1.80225682,1.76325226,0.7403493,309.13147,182.6257,18.2679844,2.31326532,1.693463,0.814166546,341.127319,102.149445,293.8878
3/16/2023 10:52:45 AM,14,-208.690948,0.174663916,-0.303370744,596.3489,-1777.97913,1650.79028,72.41971,356.668457,349.396271,1.80225682,1.76325226,0.7403493,309.13147,182.6257,18.2679844,2.31326532,1.693463,0.814166546,341.127319,102.149445,293.8878
3/16/2023 10:52:45 AM,14,-208.690781,0.173400268,-0.304318428,622.977966,-1706.47961,1643.86414,75.42371,13.1846151,6.26944065,1.80225682,1.76325226,0.7403493,309.13147,182.6257,18.2679844,2.31326532,1.693463,0.814166546,341.127319,102.149445,293.8878
3/16/2023 10:52:45 AM,14,-208.690689,0.172595322,-0.304538846,661.9731,-1629.47546,1647.61365,74.89105,7.49657345,2.302867,1.80225682,1.76325226,0.7403493,309.13147,182.6257,18.2679844,2.31326532,1.693463,0.814166546,341.127319,102.149445,293.8878
3/16/2023 10:52:45 AM,14,-208.690552,0.17311725,-0.304658383,703.503357,-1555.98267,1658.99585,73.78728,6.63393927,1.49799061,1.49868429,0.8479302,0.9494411,46.3131676,236.1991,301.717224,2.31326532,1.693463,0.814166546,341.127319,102.149445,293.8878
3/16/2023 10:52:45 AM,14,-208.690384,0.174864992,-0.304259717,740.538757,-1488.16943,1667.95776,72.3931351,10.4973764,4.94960356,1.49868429,0.8479302,0.9494411,46.3131676,236.1991,301.717224,2.31326532,1.693463,0.814166546,341.127319,102.149445,293.8878
3/16/2023 10:52:45 AM,14,-208.690231,0.174213275,-0.30457297,763.4501,-1438.70972,1674.88733,72.7370148,12.7648726,7.53033924,1.818173,0.08769141,0.496594459,27.9036846,245.550781,352.8611,2.31326532,1.693463,0.814166546,341.127319,102.149445,293.8878
3/16/2023 10:52:45 AM,14,-208.690079,0.172264472,-0.304309964,784.3315,-1389.53381,1676.58484,69.85125,11.3010788,6.71056271,1.55460119,0.044430986,0.5380663,6.791332,251.270966,3.3006382,2.31326532,1.693463,0.814166546,341.127319,102.149445,293.8878
3/16/2023 10:52:45 AM,14,-208.689926,0.171458766,-0.305091649,800.8698,-1342.53479,1674.44849,69.44409,13.5290794,9.664048,1.30908847,0.0573732778,0.598930359,349.6268,259.642639,12.6154633,2.31326532,1.693463,0.814166546,341.127319,102.149445,293.8878
3/16/2023 10:52:45 AM,14,-208.689789,0.174361512,-0.30352506,806.421631,-1290.25745,1671.96826,68.43302,14.6148338,10.579319,1.17074811,0.0784006,0.666636348,346.953278,264.3562,19.9816666,2.31326532,1.693463,0.814166546,341.127319,102.149445,293.8878
3/16/2023 10:52:46 AM,14,-208.689621,0.173409611,-0.303525,806.6641,-1232.451,1668.38269,67.91861,15.3449554,12.29287,1.128515,0.06663581,0.7305933,352.341736,261.829376,24.16312,2.31326532,1.693463,0.814166546,341.127319,102.149445,293.8878
3/16/2023 10:52:46 AM,14,-208.689438,0.172442213,-0.304381341,803.3,-1171.23511,1665.84937,68.7292557,17.3837681,14.4178638,1.12555671,0.0443805978,0.7821378,355.083771,265.688324,21.3075924,2.31326532,1.693463,0.814166546,341.127319,102.149445,293.8878
3/16/2023 10:52:46 AM,14,-208.6893,0.172226086,-0.304291517,798.840942,-1108.22156,1667.53308,70.99346,18.6899033,15.006465,1.12274158,0.030976966,0.789535,357.930573,265.078,11.7373447,2.31326532,1.693463,0.814166546,341.127319,102.149445,293.8878
3/16/2023 10:52:46 AM,14,-208.689224,0.187448338,-0.305302322,793.4824,-1048.4447,1667.02,70.64056,16.6485119,12.5334225,1.12327635,0.0281961262,0.7901012,358.558,265.809021,11.1917076,2.31326532,1.693463,0.814166546,341.127319,102.149445,293.8878
3/16/2023 10:52:46 AM,14,-208.689331,0.187173456,-0.305099845,790.138,-993.1074,1666.77258,69.25642,15.6907082,11.994215,1.1236676,0.0275548548,0.791716,359.079468,266.0272,9.396246,2.31326532,1.693463,0.814166546,341.127319,102.149445,293.8878
3/16/2023 10:52:46 AM,14,-208.689377,0.187037379,-0.304927319,0.942478836,1.66663969,0.7899579,20.5594234,263.415161,354.882324,1.12341416,0.0278142318,0.7914131,359.195862,265.720154,8.756675,1.16388237,0.0669614,0.9324894,19.15251,289.138275,2.609006
3/16/2023 10:52:46 AM,14,-208.6894,0.187513828,-0.30617103,0.8977374,1.66344583,0.7932601,21.48038,262.339478,354.859131,1.12261355,0.0275719687,0.7903974,358.888031,264.662079,8.287484,0.925846159,0.03353376,0.968951344,359.927917,284.020844,1.7000035
3/16/2023 10:52:46 AM,14,-208.689453,0.188374162,-0.305642843,0.84172076,1.660066,0.8027518,21.1184978,261.862152,355.349335,1.12191236,0.0278309286,0.790294,359.364471,264.202637,8.576191,0.749998569,0.0428302959,0.9592681,350.2142,285.220825,359.521759
3/16/2023 10:52:46 AM,14,-208.689514,0.188596934,-0.304635048,0.781807661,1.65591133,0.8175682,20.8593483,260.6553,355.749237,1.12151074,0.0277290642,0.7904686,359.883148,264.278,8.452032,0.69587183,0.03287635,0.9435748,352.744324,289.341156,353.139465
3/16/2023 10:52:46 AM,14,-208.689545,0.187646389,-0.307006657,0.7288922,1.65683711,0.833892465,19.05447,259.86615,357.343872,1.12095487,0.0286606476,0.791179,1.845112,264.953857,7.97991228,0.6938644,0.01613658,0.933691263,357.782227,286.709747,1.03276372
3/16/2023 10:52:47 AM,14,-208.689575,0.186876029,-0.3062423,0.6648062,1.6731199,0.855082154,18.24889,259.106232,358.168854,1.11411238,0.035966374,0.7915629,13.8739805,264.765961,8.204614,0.693407655,0.0134521946,0.9356963,359.17218,287.345581,0.455389053
3/16/2023 10:52:47 AM,14,-208.689621,0.186458558,-0.306089,0.6181927,1.6795851,0.870297968,18.1389561,257.344238,358.775177,1.09144974,0.06369446,0.7998221,29.8731174,256.8964,12.8922892,0.6931211,0.0119602755,0.9362329,0.15226537,287.5843,359.762543
3/16/2023 10:52:47 AM,14,-208.689682,0.187810674,-0.3057562,0.584169865,1.68171561,0.881300449,18.7096844,256.5464,358.196381,1.00212693,0.08892503,0.795854568,27.4625225,236.187286,3.51096463,0.693138242,0.0112769306,0.934704959,1.2472136,286.898651,359.15332
3/16/2023 10:52:47 AM,14,-208.689713,0.188082665,-0.306751281,0.5594127,1.68763363,0.8900925,18.6160374,256.5842,358.1165,0.8719084,0.06872949,0.7649872,15.417819,234.2717,3.63901472,0.6918314,0.0123367533,0.9380984,1.44038773,288.312866,359.278259
3/16/2023 10:52:47 AM,14,-208.689758,0.18783398,-0.3060417,0.5442313,1.68888462,0.897214651,17.8941917,258.0507,358.326538,0.7316983,0.04805167,0.6896978,1.215615,238.846878,4.601656,0.6912278,0.012428768,0.939562261,1.92423272,289.227783,359.4847
3/16/2023 10:52:47 AM,14,-208.6898,0.184228688,-0.3062904,0.530737638,1.68927276,0.9026971,17.57048,259.837463,358.637451,0.641363263,0.0499736145,0.6487254,355.5784,248.161926,6.00844765,0.691840351,0.0113876089,0.9370173,2.39588642,288.670135,0.269731849
3/16/2023 10:52:47 AM,14,-208.689789,0.173151553,-0.304817021,0.515296757,1.69121122,0.9036627,17.4925442,262.0763,358.344269,0.6072747,0.0535732061,0.6274507,356.5923,248.8783,5.998156,0.6921383,0.0100273415,0.936718464,2.047874,288.5545,1.72728062
3/16/2023 10:52:47 AM,14,-208.689743,0.172634274,-0.305437833,0.5021243,1.688282,0.8973761,19.8058147,262.268372,358.3352,0.60488683,0.0494794324,0.620653033,359.653564,246.449829,6.860849,0.692224443,0.00945731252,0.93694663,1.74202323,289.0277,2.07428837
3/16/2023 10:52:47 AM,14,-208.689758,0.188498259,-0.305258,0.49123323,1.67985141,0.8811815,21.40796,261.380981,357.659576,0.6081974,0.0404076055,0.6227669,1.55477226,244.305573,7.76345158,0.69240135,0.009159945,0.937110841,1.73213422,289.039246,2.076239
3/16/2023 10:52:47 AM,14,-208.689819,0.1878036,-0.3065732,0.4805862,1.67667413,0.8558655,21.3208866,260.8078,357.173767,0.6094685,0.03601028,0.625967562,358.4045,242.450546,7.197365,0.6924488,0.009480566,0.9370469,1.4025743,289.096649,1.979557
3/16/2023 10:52:48 AM,14,-208.689865,0.18848455,-0.305512816,0.470322669,1.67183638,0.8261493,23.5377445,260.550262,356.910828,0.6099652,0.03532578,0.624955058,357.992065,241.561264,7.728156,0.6925523,0.0103737935,0.936623037,1.03470254,288.986145,1.40819633
3/16/2023 10:52:48 AM,14,-208.689911,0.18773371,-0.305952162,0.458753854,1.65888476,0.784279048,30.6105442,259.661682,356.642,0.6100737,0.03485387,0.6232324,358.100922,241.0257,8.355563,0.691766,0.01204811,0.939374149,0.4687462,290.145172,1.45817423
3/16/2023 10:52:48 AM,14,-208.689987,0.18850328,-0.304890484,0.451929629,1.62802434,0.7322041,42.035862,258.651123,356.905518,0.610299766,0.03507337,0.621985435,358.895538,241.315643,9.892907,0.692434,0.0124410763,0.9360592,0.417684227,288.5741,2.46733022
3/16/2023 10:52:48 AM,14,-208.69,0.188712865,-0.305740833,0.453353733,1.59494591,0.6883903,48.149826,259.7777,357.456879,0.6110073,0.031588234,0.622381449,358.572235,240.583618,10.5987473,0.6926343,0.0117587969,0.9353631,0.6049306,288.330566,4.676634
3/16/2023 10:52:48 AM,14,-208.690063,0.187718436,-0.305618882,0.452081382,1.56858647,0.6589574,52.82269,264.1289,0.161479786,0.611572,0.0302325338,0.6222876,358.917816,240.58316,11.3891945,0.691889465,0.0137282386,0.9326032,3.79091716,287.915436,6.6389327
3/16/2023 10:52:48 AM,14,-208.690109,0.1879262,-0.3060174,0.4481961,1.54927731,0.6351579,54.3938332,267.208221,2.09059024,0.6115215,0.0296523124,0.6218431,359.279846,240.419617,11.5530977,0.6704662,0.0302019641,0.9256774,4.86225462,292.295166,10.7481384
3/16/2023 10:52:48 AM,14,-208.690155,0.188253149,-0.306537062,0.440360069,1.54880333,0.618349,51.5102463,266.644226,1.85984278,0.6111636,0.0299927965,0.621355653,359.447968,240.117371,11.5377455,0.6023998,0.0310669467,0.9018374,359.954865,288.6811,9.557396
3/16/2023 10:52:48 AM,14,-208.6902,0.1877759,-0.306099951,0.434731275,1.54750061,0.6042257,53.0295029,267.002,2.99881721,0.610906661,0.0293396041,0.621556044,359.683868,240.169434,10.8120251,0.5263414,0.0267143622,0.8761538,355.056122,277.6539,4.918628
3/16/2023 10:52:48 AM,14,-208.690247,0.1875247,-0.305916041,0.431030273,1.54110146,0.5977126,55.83936,268.8346,4.609251,0.6104076,0.0289030671,0.6218048,359.554749,240.046844,9.978371,0.5031715,0.0132841766,0.8692853,1.82060719,274.584351,7.24014044
3/16/2023 10:52:48 AM,14,-208.6903,0.187271282,-0.305693716,0.4247146,1.5257318,0.5978876,61.9538651,272.9597,8.935256,0.6099864,0.0288401321,0.622387469,0.265344,240.352692,9.535613,0.5025327,0.0131092891,0.8693361,2.76347947,275.175232,4.341963
3/16/2023 10:52:49 AM,14,-208.690353,0.186057836,-0.306574583,0.412232131,1.50783288,0.5994709,64.72784,275.931824,11.8970194,0.6096166,0.02946318,0.622897267,0.151778936,240.826782,8.844409,0.5019194,0.0131869316,0.8718908,2.51749921,276.2177,3.81081963
3/16/2023 10:52:49 AM,14,-208.6904,0.187874123,-0.305414915,0.397716463,1.49552047,0.6023223,66.79585,277.835266,13.1737432,0.6096535,0.0297190323,0.6231483,0.1293212,241.024628,8.776142,0.502671242,0.0143299475,0.870304048,2.361639,275.487946,1.61546791
3/16/2023 10:52:49 AM,14,-208.69046,0.188050032,-0.3064503,0.3826584,1.485058,0.608189,67.9392242,280.471527,15.16337,0.6099013,0.0294512734,0.623241842,359.844574,240.895752,8.555482,0.5012969,0.0147735327,0.873343945,1.19758821,277.233154,1.0480361
3/16/2023 10:52:49 AM,14,-208.690521,0.18752411,-0.305696458,0.369415,1.47864592,0.615921,67.87263,280.804352,15.6271849,0.6101775,0.0301563516,0.6223773,359.966766,240.851532,8.997962,0.5018455,0.01604098,0.87331605,0.912681162,276.957428,359.354462
3/16/2023 10:52:49 AM,14,-208.690552,0.188884735,-0.30599758,0.3610672,1.4784255,0.6234254,66.8664551,280.298676,15.1123848,0.6101033,0.0301347971,0.6226466,359.691742,240.5273,8.997438,0.502235949,0.0162965059,0.8732429,0.8297026,276.879974,358.708252
3/16/2023 10:52:49 AM,14,-208.690613,0.187496722,-0.305986136,0.3567442,1.48512232,0.6324287,63.9062843,277.401733,12.4471712,0.609116852,0.030260399,0.62307024,359.017029,240.1658,6.85476971,0.502318442,0.0158066675,0.8726242,0.921265841,276.762665,358.432281
3/16/2023 10:52:49 AM,14,-208.690674,0.187510356,-0.305101454,0.356389672,1.502107,0.642235458,58.4463539,272.997559,7.940395,0.608598,0.0292655379,0.6241623,359.2581,240.658661,4.79155827,0.502376735,0.015243113,0.8723397,1.072115,276.703522,358.635559
3/16/2023 10:52:49 AM,14,-208.6907,0.188043967,-0.305139154,0.355242878,1.52878714,0.6515026,46.32219,268.0027,2.95305419,0.6082121,0.02900201,0.6251904,359.512756,241.092377,4.149072,0.502406359,0.0146062747,0.871917844,1.25145,276.6228,359.064423
3/16/2023 10:52:49 AM,14,-208.690765,0.18858175,-0.306282133,0.348901033,1.58091915,0.6601536,29.84044,264.560028,359.6654,0.6080319,0.0291504487,0.6251652,359.599976,241.046417,4.132597,0.502144,0.0138611048,0.8720165,1.40005064,276.745728,359.445251
3/16/2023 10:52:49 AM,14,-208.690811,0.18735981,-0.3057694,0.356865,1.6334362,0.6737907,24.47968,263.499329,358.456665,0.6080996,0.0294580683,0.625147,359.511749,241.054047,4.24255848,0.5018942,0.0132483318,0.872436643,1.57983053,276.934021,359.66922
3/16/2023 10:52:50 AM,14,-208.690857,0.1877411,-0.3062407,0.367381483,1.654829,0.6878496,21.9447956,263.856445,358.064362,0.608279645,0.0295854881,0.6251503,359.252136,241.0636,4.22124767,0.5020506,0.0130730346,0.872145,1.682606,276.8026,359.628418
3/16/2023 10:52:50 AM,14,-208.6909,0.187229961,-0.305849224,0.3760466,1.66666746,0.7023757,20.8569469,263.754456,357.2768,0.6084076,0.029869765,0.62507695,358.948273,241.0956,4.162152,0.5024344,0.0128544867,0.871789,1.3177619,276.6783,359.605
3/16/2023 10:52:50 AM,14,-208.690964,0.189659387,-0.3050929,0.379169315,1.6695044,0.710664749,21.1687489,263.440277,357.231842,0.6084045,0.0298377126,0.6250693,358.951782,241.115677,4.096939,0.502778232,0.0130429566,0.871423066,1.16892719,276.412781,359.334717
3/16/2023 10:52:50 AM,14,-208.691,0.187754884,-0.306314737,0.379642367,1.66956258,0.714115,20.7790127,263.085754,357.011,0.6083943,0.0298859179,0.6251312,358.96817,241.128265,4.13291359,0.5031401,0.0134993494,0.871444941,0.984831035,276.226471,358.8599
3/16/2023 10:52:50 AM,14,-208.69104,0.1866209,-0.3060832,0.378042847,1.67133,0.7159399,20.2207928,263.105,357.11795,0.6083628,0.02995421,0.625032663,358.971954,241.069489,4.1494236,0.502882242,0.0135303959,0.872293353,0.946545362,276.529449,358.8481
3/16/2023 10:52:50 AM,14,-208.691116,0.188964084,-0.306067824,0.373863041,1.6739428,0.715965033,19.39098,262.553375,357.646362,0.608607769,0.02979903,0.6250561,359.097473,241.165665,4.58878946,0.5028284,0.0135524049,0.8718176,0.878516555,276.509552,359.093323
3/16/2023 10:52:50 AM,14,-208.691132,0.18856886,-0.305776179,0.3691887,1.677666,0.713000357,18.0817928,260.525452,357.726563,0.6086804,0.02993659,0.624479353,359.3347,240.89801,5.222331,0.5024446,0.0124500766,0.8719465,0.932414949,276.725525,0.4517357
3/16/2023 10:52:50 AM,14,-208.6912,0.187285289,-0.3060978,0.3650591,1.6862644,0.708681345,12.6420593,259.782532,357.7962,0.608627856,0.0303904265,0.623590469,359.46582,240.50354,5.73737764,0.502629459,0.0133399218,0.871515751,1.31377888,276.3539,0.176418886
3/16/2023 10:52:50 AM,14,-208.691223,0.187447965,-0.306067139,0.361491352,1.7060281,0.7091848,2.82578039,261.7295,358.0573,0.608643055,0.0307296142,0.6230613,359.453827,240.163742,6.081,0.5026804,0.0135238245,0.8711002,1.51703417,276.081665,0.104170218
3/16/2023 10:52:50 AM,14,-208.691284,0.188133225,-0.305961847,0.359284431,1.728855,0.714250445,0.426732838,262.960175,357.6266,0.6085736,0.0307629257,0.623217463,359.413177,240.164017,5.901115,0.50217706,0.0131821334,0.872068465,1.755702,276.4917,0.2649952
3/16/2023 10:52:51 AM,14,-208.69133,0.187610269,-0.305390477,0.3568189,1.73819351,0.7193568,1.24800694,264.516052,357.817535,0.6084747,0.030451566,0.6236941,359.517029,240.224426,5.63625336,0.50187695,0.0133990794,0.8721691,2.16557169,276.804871,0.2733981
3/16/2023 10:52:51 AM,14,-208.691376,0.187931374,-0.3061424,0.353630275,1.739989,0.7252088,2.05329633,266.518738,358.281647,0.6083142,0.0298918188,0.6241808,359.6918,240.2583,4.939307,0.5021325,0.0135036483,0.871357739,2.48486614,276.386841,359.865326
3/16/2023 10:52:51 AM,14,-208.691422,0.188537091,-0.3052129,0.351282567,1.73975229,0.728215456,1.94674265,266.825867,358.045441,0.608090341,0.0301799923,0.623929739,359.983032,240.05542,4.88032532,0.501826763,0.0135310441,0.8721383,2.32529736,276.898438,0.0957643
3/16/2023 10:52:51 AM,14,-208.691467,0.188206345,-0.305618674,0.350535542,1.740335,0.727636456,1.75883508,267.32663,358.212067,0.6080359,0.0300658122,0.6239616,0.122286737,240.0729,4.931367,0.501785755,0.01333493,0.8721513,2.278687,277.039246,0.433517754
3/16/2023 10:52:51 AM,14,-208.691528,0.187208027,-0.305376977,0.350592732,1.74070108,0.726854861,1.77510357,268.0437,358.111847,0.607837737,0.030022122,0.6238893,0.363740981,239.976044,4.850465,0.501568735,0.0125806034,0.87256515,2.20244646,277.255249,1.380831
3/16/2023 10:52:51 AM,14,-208.691574,0.187480927,-0.305505127,0.351825923,1.7398082,0.7253878,2.52140117,268.6134,358.3411,0.607732058,0.03020306,0.623555064,0.365968078,239.750427,4.952117,0.5018599,0.0130927414,0.872096658,2.62784314,276.9588,0.387084544
3/16/2023 10:52:51 AM,14,-208.69162,0.188019872,-0.3054615,0.353816628,1.73157275,0.723582864,8.84157,269.449432,356.8759,0.6076334,0.030309014,0.6236455,0.325696975,239.774567,4.73197365,0.5015756,0.0133982673,0.872412562,2.92572832,276.97406,359.494049
3/16/2023 10:52:51 AM,14,-208.691666,0.187540382,-0.306191385,0.3569952,1.715805,0.716304362,11.7727995,267.404358,355.8707,0.6076595,0.0301897973,0.6237279,0.285885364,239.848923,4.728831,0.501463532,0.0132514462,0.8726396,2.90865636,277.145782,359.3464
3/16/2023 10:52:51 AM,14,-208.691711,0.189100847,-0.305702537,0.364444435,1.70490837,0.7047535,15.80116,265.863831,357.124939,0.6077238,0.0300936252,0.6238224,0.248529583,239.916718,4.7698946,0.5013839,0.0133709759,0.8727985,2.85833549,277.26712,359.2671
3/16/2023 10:52:51 AM,14,-208.691772,0.187865585,-0.306337655,0.373993337,1.69991291,0.6890437,14.2345676,264.10968,356.321625,0.6080171,0.0295176283,0.624443769,359.7305,240.313843,4.487113,0.501651645,0.0132488608,0.872400463,2.62763977,277.114136,359.3775
3/16/2023 10:52:52 AM,14,-208.6918,0.188660383,-0.306108564,0.382463843,1.69955158,0.67378664,13.1023073,263.507446,356.891083,0.608496249,0.0294165462,0.624091446,359.3999,240.20076,5.019687,0.5022902,0.01358632,0.8717277,1.84353292,276.7724,359.4744
3/16/2023 10:52:52 AM,14,-208.691864,0.186683029,-0.305808485,0.390424132,1.69950724,0.655433536,12.9878387,262.742249,357.1343,0.6093341,0.0305203125,0.623186469,358.799469,239.579391,7.161246,0.5024084,0.0134804621,0.8719729,1.20950782,276.832764,359.8408
3/16/2023 10:52:52 AM,14,-208.6919,0.186826259,-0.3065088,0.392659336,1.69574058,0.640241742,13.6406946,262.702271,356.65332,0.6104861,0.03103751,0.6227578,357.968628,239.515167,8.477359,0.501202464,0.0144270584,0.873789251,1.49148631,277.702637,0.786215842
3/16/2023 10:52:52 AM,14,-208.691956,0.187981516,-0.305359721,0.385262072,1.68645418,0.6291009,16.5941334,263.871765,353.1848,0.6114696,0.0306700766,0.623041749,356.850128,239.875336,8.332308,0.4991668,0.0184967667,0.8624243,9.545058,282.656525,4.12554646
3/16/2023 10:52:52 AM,14,-208.692,0.1874551,-0.306077629,0.362313062,1.68058252,0.619876564,16.6503887,264.427917,354.259,0.611409545,0.03150464,0.6227863,356.8412,239.668274,8.487991,0.465895534,0.0443778634,0.8293102,9.177657,296.34848,9.047023
3/16/2023 10:52:52 AM,14,-208.692047,0.187796414,-0.3062152,0.331885248,1.678642,0.6104897,17.2412472,264.937531,355.470459,0.6111888,0.0313963965,0.6220736,357.403442,239.261978,8.624863,0.343716562,0.05306425,0.762848556,2.11038947,289.4684,0.239930674
3/16/2023 10:52:52 AM,14,-208.6921,0.188947931,-0.3065059,0.286540776,1.66451049,0.601551533,21.87467,264.3268,356.7788,0.610499144,0.0298345014,0.6234423,357.832,239.756042,6.92563343,0.174085915,0.06717248,0.7295947,348.288269,285.368,353.821533
3/16/2023 10:52:52 AM,14,-208.692139,0.1875233,-0.305326641,0.223855034,1.64532125,0.5967165,23.0770035,262.943085,355.744629,0.60893923,0.0283103064,0.6241706,359.3039,240.021057,4.345344,0.03552361,0.09156534,0.6985991,339.7381,282.3047,352.199066
3/16/2023 10:52:52 AM,14,-208.6922,0.186802238,-0.305439,0.152769148,1.63349938,0.6029496,22.3247585,263.600922,354.5843,0.607443631,0.026325129,0.6251651,0.789148867,240.2913,1.27449751,-0.0293483287,0.08524002,0.6946345,340.420532,286.779053,352.53775
3/16/2023 10:52:52 AM,14,-208.692245,0.183565214,-0.306445658,0.0688103,1.62679434,0.6149239,21.96729,262.747,354.597137,0.605159044,0.0276792273,0.624822,5.32124853,239.031,1.65690863,-0.05473554,0.05395201,0.6965686,347.021027,291.3052,352.930145
3/16/2023 10:52:53 AM,14,-208.692352,0.154884338,-0.299187332,-0.0255834423,1.63546324,0.6299403,20.9934788,261.814423,356.094727,0.598673,0.0375400558,0.622975647,17.9076061,238.811218,2.27254272,-0.06584433,0.0239521116,0.693044245,358.800568,288.737579,1.24667645
3/16/2023 10:52:53 AM,14,-208.692459,0.129587069,-0.287623227,-0.104077235,1.64976609,0.6439971,20.2577629,260.657745,355.4092,0.5665608,0.07561067,0.6175895,42.2821579,234.3367,359.577332,-0.0666150749,0.0196400583,0.693424046,0.675031841,288.4635,2.084624
3/16/2023 10:52:53 AM,14,-208.692429,0.119212151,-0.287205815,-0.1843955,1.66852772,0.65767616,19.65899,260.101379,354.6882,0.426609963,0.131489128,0.5836996,44.0718956,226.231476,350.39267,-0.06656544,0.0190294012,0.6934688,1.21334958,288.5774,1.53352845
3/16/2023 10:52:53 AM,14,-208.692368,0.119071752,-0.288740247,-0.2485176,1.68040442,0.6640802,19.82985,259.9729,356.108337,0.21250096,0.121160276,0.558147669,33.6706543,240.683746,0.0195675641,-0.06679877,0.0198131651,0.69441,0.741186738,289.291473,2.04573321
3/16/2023 10:52:53 AM,14,-208.692352,0.118879706,-0.2879724,-0.3099548,1.68160951,0.6632089,19.9003582,260.265839,356.0131,-0.02301903,0.08180944,0.5330277,16.6227512,251.722031,6.63951063,-0.0670336261,0.0195439532,0.6945348,0.9228704,289.652557,2.81105542
3/16/2023 10:52:53 AM,14,-208.692291,0.120317027,-0.2851603,-0.374953657,1.67788327,0.653906941,20.272892,260.8109,356.6585,-0.303436518,0.0595544353,0.498359352,357.611542,255.2911,9.391261,-0.06711721,0.0190476328,0.694907248,2.075461,289.9204,3.27551413
3/16/2023 10:52:53 AM,14,-208.692245,0.119213708,-0.2850106,-0.437850863,1.67318583,0.6392203,19.6120644,261.446259,356.9839,-0.511785567,0.0809237361,0.485636055,349.0479,251.295044,20.9881229,-0.06754573,0.0188465416,0.6951558,4.36320066,290.169647,4.05640268
3/16/2023 10:52:53 AM,14,-208.692245,0.124427058,-0.285736024,-0.520658135,1.67047489,0.6154803,17.697834,261.945,356.647125,-0.5596415,0.0563530475,0.5140204,354.999725,253.714691,21.8873348,-0.06779222,0.0213721767,0.6939979,11.8778591,290.351532,4.89883137
3/16/2023 10:52:53 AM,14,-208.69223,0.12848106,-0.285442173,-0.595748246,1.68044,0.5940848,14.6950226,262.4964,356.0148,-0.5655545,0.03902854,0.5228175,358.337463,254.396454,5.737302,-0.0831404,0.05910124,0.6904754,37.0342445,292.271362,3.931151
3/16/2023 10:52:53 AM,14,-208.6922,0.138618216,-0.285668254,-0.6681399,1.691428,0.5808383,16.2968426,263.3556,356.1323,-0.5659313,0.0378813744,0.523121834,359.0136,254.587387,5.111192,-0.199249536,0.13974832,0.698414743,53.0227242,307.935974,20.4241962
3/16/2023 10:52:54 AM,14,-208.692108,0.155202776,-0.2942901,-0.73661536,1.69803226,0.576120853,15.2492714,263.6629,355.4373,-0.566123,0.03744328,0.524124265,359.350037,255.01886,3.64371133,-0.407562673,0.123600021,0.7058507,38.2446938,298.770844,14.3091974
3/16/2023 10:52:54 AM,14,-208.692062,0.155976743,-0.294678777,-0.796964467,1.69915783,0.5763555,15.5079994,263.331268,354.912354,-0.565962553,0.0366426632,0.524679244,0.003538892,255.341675,2.882876,-0.70920223,0.0518514365,0.712725,11.3563614,295.314636,4.48442459
3/16/2023 10:52:54 AM,14,-208.692078,0.138844877,-0.289866865,-0.8668305,1.69111931,0.5804956,15.5540552,262.352753,354.780518,-0.565713465,0.0364119932,0.524397969,0.5156276,255.282074,2.96008587,-0.988566935,0.0563933551,0.718142331,348.501221,295.7555,354.297638
3/16/2023 10:52:54 AM,14,-208.692078,0.139186963,-0.289417654,-0.9493756,1.6819582,0.593111038,14.7903442,261.230133,356.043549,-0.566786468,0.0350400731,0.5254367,2.647476,254.98526,1.32458472,-1.09256136,0.05510711,0.7217137,346.376678,297.3321,351.699615
3/16/2023 10:52:54 AM,14,-208.692062,0.138849765,-0.289103031,-1.02788866,1.68163192,0.612038553,14.6999311,260.268433,357.28775,-0.5704448,0.03993523,0.524970233,11.2370577,255.180267,2.07596827,-1.10332119,0.0237170085,0.7238324,358.2426,297.4022,0.0358039439
3/16/2023 10:52:54 AM,14,-208.692078,0.1424291,-0.2874558,-1.10749912,1.69628716,0.630322,14.1646557,259.402161,356.839417,-0.5893577,0.06596024,0.524203241,32.7624626,253.720047,2.57287836,-1.103726,0.0211436,0.7238594,358.9326,296.805847,1.319336
3/16/2023 10:52:54 AM,14,-208.692078,0.139563769,-0.287789851,-1.18115234,1.69653738,0.6397175,17.4566917,257.667664,357.2948,-0.657338738,0.116777062,0.5250068,48.56211,240.228714,355.2481,-1.10389638,0.019001767,0.722968,359.8801,296.3893,1.9904
3/16/2023 10:52:54 AM,14,-208.692047,0.151229188,-0.292458177,-1.2436564,1.69279027,0.641064644,20.57021,257.547424,356.995453,-0.8391334,0.115329541,0.52068615,38.8516922,238.2911,353.667633,-1.10423183,0.019375287,0.7242511,0.570191264,297.020966,2.19598126
3/16/2023 10:52:54 AM,14,-208.691971,0.174395069,-0.30140233,-1.31569719,1.68647361,0.636265039,21.2110538,257.232574,357.72464,-1.12800109,0.0627925,0.5236132,15.6527872,248.883118,4.701758,-1.10466337,0.01862441,0.723899841,1.75913644,296.876251,3.453617
3/16/2023 10:52:54 AM,14,-208.69191,0.170165628,-0.305265039,-1.38104737,1.67430067,0.6258476,23.2557964,257.295929,357.158234,-1.38998568,0.05072418,0.5117389,356.183563,249.204254,11.3759737,-1.10488009,0.0190800875,0.72388196,1.73721647,297.164673,3.47205734
3/16/2023 10:52:55 AM,14,-208.691879,0.172392219,-0.304950565,-1.447616,1.65685618,0.609636,25.8474121,259.068085,357.111084,-1.5517695,0.060383305,0.499938577,353.337769,243.876389,20.9562969,-1.10486436,0.0190737844,0.7233857,2.863585,297.376343,3.783679
3/16/2023 10:52:55 AM,14,-208.691772,0.167169988,-0.311858326,-1.522973,1.645214,0.5884103,26.8271465,262.153931,357.760864,-1.57816458,0.04300704,0.507462859,357.941956,242.136642,10.6112032,-1.10526812,0.0190726,0.7212112,7.275876,297.0267,5.3145256
3/16/2023 10:52:55 AM,14,-208.691772,0.16511482,-0.310896128,-1.59343457,1.63660014,0.568357348,32.6954041,265.018738,357.9718,-1.58012652,0.0377969,0.506537437,359.400482,241.1481,7.841258,-1.112037,0.037332274,0.7191507,22.26276,299.403717,8.139175
3/16/2023 10:52:55 AM,14,-208.691757,0.192082927,-0.311877877,-1.65889716,1.62771583,0.5491525,31.7314,264.7108,357.894073,-1.58060658,0.0360977575,0.5073245,0.077961944,241.616791,4.92898,-1.16128218,0.0950183,0.7140517,38.55783,310.796082,20.8538666
3/16/2023 10:52:55 AM,14,-208.691757,0.191268,-0.312902033,-1.71171129,1.62621784,0.5345043,32.3351135,264.936859,357.2462,-1.58090389,0.0347016826,0.50883925,359.759674,242.100861,2.3632257,-1.3371532,0.09163614,0.722432256,27.1499348,309.573334,17.4319038
3/16/2023 10:52:55 AM,14,-208.691742,0.191451922,-0.312331617,-1.74762046,1.63035011,0.5295395,31.51517,264.959229,357.824524,-1.5806005,0.03523586,0.5089278,359.376282,242.207428,2.63404536,-1.561551,0.04524228,0.7449859,11.251811,301.454132,6.350544
3/16/2023 10:52:55 AM,14,-208.691742,0.191086009,-0.3128968,-1.78440964,1.63530457,0.5307724,30.8260574,264.0974,358.021637,-1.58024848,0.0358156934,0.5086442,359.003265,242.078156,3.059472,-1.75018632,0.0386011675,0.787285,358.882477,302.15448,3.43115664
3/16/2023 10:52:55 AM,14,-208.691742,0.1932883,-0.312169015,-1.82399166,1.63383174,0.5379743,31.978735,262.2453,357.578033,-1.58037686,0.03593389,0.5080714,358.917328,241.6458,3.02456713,-1.91733742,0.04343739,0.8149424,358.9922,294.778931,356.1336
3/16/2023 10:52:55 AM,14,-208.691772,0.19107607,-0.310238659,-1.86251938,1.62658846,0.548980355,33.6023674,259.973358,357.871521,-1.58045793,0.03612426,0.5079182,358.9425,241.484436,2.85756254,-2.019717,0.0457790941,0.827664852,1.53615594,282.337524,355.959
3/16/2023 10:52:55 AM,14,-208.691772,0.192422062,-0.310536057,-1.91379356,1.60813236,0.572523,38.7011566,258.375061,358.9115,-1.58032107,0.03639202,0.5086086,359.194275,241.857727,2.81100965,-2.033305,0.03547723,0.8366408,358.211731,275.354431,357.976685
3/16/2023 10:52:56 AM,14,-208.691818,0.192095175,-0.311449856,-1.96522009,1.60336375,0.5992651,41.720726,256.9419,359.730225,-1.58332527,0.0353835225,0.509853542,3.73883581,240.983,358.8638,-2.0338273,0.02884502,0.8377782,359.2721,275.640442,4.292382
3/16/2023 10:52:56 AM,14,-208.691681,0.2510901,-0.318120778,-2.01009,1.60246181,0.6208071,40.2408943,254.15,1.35457408,-1.58678257,0.0424315631,0.50866127,11.1549177,240.92157,359.6026,-2.033623,0.0303182751,0.838377237,356.639252,276.143768,2.35753
3/16/2023 10:52:56 AM,14,-208.691711,0.252445757,-0.3164789,-2.04947853,1.59908128,0.6373045,43.0727425,252.513062,3.858571,-1.59453,0.05117301,0.512185037,19.2739582,237.218781,354.847351,-2.03343272,0.0297875479,0.8386366,355.8854,276.1463,2.3003583
3/16/2023 10:52:56 AM,14,-208.6917,0.241789013,-0.321260422,-2.07896662,1.59624052,0.6447188,44.0638123,247.3086,4.97931147,-1.62018812,0.0738403648,0.532293856,29.4682884,224.1553,347.4485,-2.03367019,0.0295954421,0.838967741,355.416046,276.412354,2.21962023
3/16/2023 10:52:56 AM,14,-208.691742,0.2414836,-0.321454525,-2.1014092,1.59262717,0.6387598,45.8869972,237.482819,3.38980174,-1.71252751,0.08377132,0.5660258,22.1430511,211.4356,346.924255,-2.03375268,0.0295759141,0.839311063,355.1966,276.791748,2.28504634
3/16/2023 10:52:56 AM,14,-208.691788,0.217947274,-0.319804221,-2.11073,1.58649945,0.615147531,46.88037,225.699142,0.102396831,-1.89532542,0.0621671528,0.598882139,8.604529,212.928955,4.85702324,-2.03367448,0.0297147781,0.8391475,355.3277,276.666534,2.20995736
3/16/2023 10:52:56 AM,14,-208.6918,0.209068447,-0.319752723,-2.11684775,1.58360589,0.59047395,43.93565,227.718,1.51636493,-2.01236367,0.054342106,0.5860088,358.136047,199.447662,12.1170712,-2.032853,0.0305415764,0.838554263,353.9432,275.925964,1.96078658
3/16/2023 10:52:56 AM,14,-208.6918,0.2081185,-0.319066554,-2.12960339,1.58569944,0.5698478,41.62295,233.536224,2.20634985,-2.04013324,0.0449818149,0.578688562,359.3964,188.355133,4.638339,-2.03193259,0.0311404765,0.837764859,352.9432,275.210571,1.62290788
3/16/2023 10:52:56 AM,14,-208.6918,0.2088278,-0.319339782,-2.14155436,1.590907,0.551944554,41.3108063,238.3283,2.550687,-2.03902555,0.0438423455,0.578246653,359.17038,187.9844,5.76509571,-2.032318,0.0307718441,0.8376112,354.819,275.183319,2.11866283
3/16/2023 10:52:56 AM,14,-208.691788,0.20740144,-0.319200248,-2.15184355,1.59907532,0.5343985,37.2080231,241.663162,1.82691252,-2.03893423,0.04155033,0.578525364,359.4913,187.758,6.39310455,-2.03229141,0.03038983,0.835317135,358.280548,273.871643,4.602123
3/16/2023 10:52:57 AM,14,-208.691742,0.2084593,-0.319041729,-2.16282749,1.60337687,0.51615864,38.8024521,245.3022,3.921931,-2.03884888,0.038991563,0.579307437,0.5691693,187.969131,6.969509,-2.03696918,0.04427977,0.832326353,9.871043,272.9164,9.12163448
3/16/2023 10:52:57 AM,14,-208.691711,0.209654778,-0.31908372,-2.17271972,1.60875094,0.50543344,37.25342,246.960785,4.919394,-2.03865528,0.0394083932,0.578621864,0.181276217,187.461975,6.517365,-2.092171,0.06236974,0.81699,11.5554962,268.2455,10.3557959
3/16/2023 10:52:57 AM,14,-208.691711,0.209478155,-0.318943,-2.187357,1.615749,0.496382326,35.846962,248.610672,4.999553,-2.03885174,0.0394650772,0.57854867,359.83728,187.2094,5.998655,-2.209699,0.0520278141,0.7793217,4.137354,260.604736,6.115705
3/16/2023 10:52:57 AM,14,-208.691727,0.210626692,-0.3195404,-2.20456767,1.61634493,0.48809728,36.7320328,249.1883,6.33957434,-2.03895044,0.0393104628,0.5784811,359.607971,187.034973,5.198612,-2.32022047,0.04311958,0.7301543,357.9725,251.470764,3.5727272
3/16/2023 10:52:57 AM,14,-208.6918,0.194323629,-0.310925752,-2.221535,1.61493635,0.4822878,37.0408974,248.430664,7.357391,-2.039026,0.0389934629,0.5783457,359.1878,187.173569,4.023736,-2.391553,0.04094007,0.6792098,359.584076,239.151672,3.94006371
3/16/2023 10:52:57 AM,14,-208.691727,0.2469239,-0.3394184,-2.244195,1.61432123,0.478183717,36.122303,246.858627,7.833264,-2.03924632,0.0395912454,0.578884542,359.167328,187.261963,4.48332,-2.408803,0.0427493677,0.6723076,359.103119,237.0231,1.59642053
3/16/2023 10:52:57 AM,13,-208.691727,0.217615128,-0.356124163,-2.275948,1.61601257,0.473602623,35.70686,244.900513,9.137454,-2.03863382,0.039697744,0.578634143,359.256,186.946472,5.172914,-2.408145,0.038715288,0.672919869,356.061646,236.845245,4.630019
3/16/2023 10:52:57 AM,13,-208.691727,0.207614347,-0.361091822,-2.31006122,1.61887586,0.4673814,35.1954346,243.688232,10.2489424,-2.03916073,0.0403135866,0.578850746,359.4101,187.239563,4.54852438,-2.40799379,0.03753619,0.6731557,356.4372,236.552841,4.96130133
3/16/2023 10:52:57 AM,13,-208.691727,0.24749963,-0.33918938,-2.34540343,1.61756074,0.459275424,36.0619164,242.323654,12.1475306,-2.040088,0.04006408,0.579119265,359.98938,187.705566,3.44334,-2.4085393,0.0358276665,0.6736192,357.882324,236.642029,5.551436
3/16/2023 10:52:57 AM,13,-208.6917,0.249260828,-0.3414459,-2.37777162,1.6065203,0.450383574,38.3113,239.71637,12.9595318,-2.04065371,0.0407382622,0.578668237,359.869446,187.536041,2.59209347,-2.40869474,0.03513301,0.6733453,358.192017,236.584778,5.69276571
3/16/2023 10:52:58 AM,13,-208.691666,0.241059825,-0.365359038,-2.39513946,1.60733891,0.4461158,38.0985451,237.476318,13.2619772,-2.04207015,0.04014775,0.578565657,1.47990048,187.309418,0.3665224,-2.40907216,0.0343095362,0.6734874,358.663147,236.746,5.421048
3/16/2023 10:52:58 AM,13,-208.691681,0.241409242,-0.3672499,-2.394339,1.611246,0.4435064,36.774334,232.978912,13.21202,-2.044469,0.0400895476,0.5785074,2.103243,183.995239,0.0519815646,-2.40892434,0.0335866734,0.673935533,358.8454,236.756836,5.453688
3/16/2023 10:52:58 AM,13,-208.6917,0.281350523,-0.345540076,-2.37083173,1.613255,0.431421667,39.2285423,219.156525,12.0123243,-2.04541874,0.03993343,0.5769256,2.43049359,182.001175,359.356,-2.40979528,0.0346237719,0.673579752,357.530029,237.1431,4.730515
3/16/2023 10:52:58 AM,13,-208.691711,0.2457437,-0.341316432,-2.31767225,1.60537136,0.4027272,42.24863,193.69426,7.16377926,-2.0432117,0.0413364246,0.576033831,2.5145,182.098114,2.71689081,-2.409666,0.0358767,0.6731077,356.6806,237.1655,4.34230566
3/16/2023 10:52:58 AM,13,-208.691757,0.243742347,-0.360023826,-2.23499727,1.59078515,0.379398346,45.9043541,166.5667,1.83869874,-2.04224539,0.0405785367,0.5771283,2.56975317,183.129456,4.91289043,-2.407846,0.03534986,0.673067033,356.831482,236.140381,6.453227
3/16/2023 10:52:58 AM,13,-208.691742,0.241030559,-0.367590129,-2.15875363,1.58279312,0.3833402,46.1578331,147.031967,0.7401197,-2.0417366,0.0430246741,0.576123536,4.121061,183.1871,7.36078739,-2.408443,0.03585165,0.67219007,355.597473,236.173065,5.75554276
3/16/2023 10:52:58 AM,13,-208.691742,0.240078032,-0.366803527,-2.08444,1.58047426,0.400361449,45.2513771,135.130325,0.0698835552,-2.03130531,0.0556648,0.5658554,358.2148,166.060638,13.4255009,-2.40859151,0.0379385054,0.672333062,354.216156,236.22113,3.19588733
3/16/2023 10:52:58 AM,13,-208.691742,0.241012052,-0.366877675,-2.01011658,1.57429338,0.4310252,45.32008,127.999222,357.856,-2.0100522,0.04587041,0.6305818,358.0313,103.970795,358.4288,-2.40731955,0.0373563468,0.671390653,353.7849,234.829437,4.87148428
3/16/2023 10:52:58 AM,13,-208.691727,0.240097567,-0.3676673,-1.95289433,1.57048845,0.4553085,43.442894,127.184708,357.6381,-2.016395,0.0427515134,0.6388275,358.5083,99.4584,6.44704676,-2.40267968,0.03493145,0.6696442,353.882538,230.827621,11.0394087
3/16/2023 10:52:58 AM,13,-208.691742,0.24169682,-0.3674819,-1.899289,1.55988407,0.4833833,50.3191147,123.260521,358.145569,-2.01472855,0.03907182,0.6396705,359.357544,98.35055,5.323673,-2.384996,0.0440150052,0.6311917,357.201477,208.353149,19.230175
3/16/2023 10:52:59 AM,13,-208.691757,0.242759362,-0.365391046,-1.87330353,1.54862571,0.5080964,52.1486473,120.826431,359.8626,-2.01485872,0.03989216,0.6395223,359.29007,98.28884,5.35951,-2.32772326,0.04827451,0.5377277,357.886871,180.091827,12.8239946
3/16/2023 10:52:59 AM,13,-208.691772,0.242692068,-0.36473316,-1.8524785,1.5434227,0.521626055,52.7784958,117.863686,3.72287965,-2.01450086,0.039550513,0.6400678,359.017548,97.32242,4.93826246,-2.23479915,0.0441925749,0.4480951,356.104645,162.3613,8.841461
3/16/2023 10:52:59 AM,13,-208.691772,0.241117418,-0.3642746,-1.82354712,1.54128957,0.5229199,46.9742546,109.336418,3.05206418,-2.01405168,0.0386909023,0.639691,359.848083,97.08186,4.313624,-2.10859346,0.0307391211,0.416587949,354.072449,138.436523,1.25716019
3/16/2023 10:52:59 AM,13,-208.691772,0.243254542,-0.364570856,-1.78798819,1.54820526,0.519991934,35.8908043,106.439514,1.13299346,-2.01463771,0.0385991037,0.6398818,0.0621278435,97.62472,3.959983,-2.05460429,0.0313940719,0.41593945,358.724426,123.444427,2.5745163
3/16/2023 10:52:59 AM,13,-208.6919,0.244266629,-0.352119654,-1.7506839,1.58438933,0.5072689,21.7694817,101.925446,0.7657271,-2.01384783,0.0397062972,0.641038537,359.920135,96.5732651,6.15969324,-2.054447,0.0308985412,0.412988871,356.6703,125.969551,4.066561
3/16/2023 10:52:59 AM,13,-208.691742,0.2412418,-0.367235,-1.73005319,1.63153851,0.491485626,15.2986641,99.548645,358.910553,-2.01425982,0.04322896,0.6415132,359.275238,96.6930847,7.68641663,-2.05549431,0.03242197,0.414028466,355.816,124.756561,1.35884178
3/16/2023 10:52:59 AM,13,-208.691727,0.239023536,-0.367608726,-1.72122848,1.6602664,0.479143023,14.8629951,97.2285156,359.1718,-2.00466967,0.0492169932,0.6428198,1.49771488,86.45974,7.094359,-2.05668449,0.03141422,0.414754331,354.864746,124.362434,359.6989
3/16/2023 10:52:59 AM,13,-208.691833,0.19945398,-0.327122182,-1.71152389,1.66350746,0.471651137,19.51257,94.26979,0.184886679,-1.96257043,0.07251342,0.62893486,2.34232068,71.9719,0.5528708,-2.05692244,0.0300449133,0.4144708,354.512268,124.508507,1.6226263
3/16/2023 10:52:59 AM,13,-208.691818,0.160420969,-0.311726034,-1.68260574,1.65771282,0.46876353,19.573122,90.98547,0.089605,-1.851295,0.0845998451,0.586294532,357.9169,77.62069,9.30236,-2.05856752,0.0239150971,0.417791247,358.383728,121.9792,3.62027359
3/16/2023 10:52:59 AM,13,-208.691727,0.154032841,-0.3248595,465.631,1641.49951,1653.06921,288.8203,357.0096,181.947647,-1.71569061,0.0933857262,0.600676835,349.790619,72.19969,8.482794,-2.05683875,0.0262260213,0.4156738,356.396332,123.060684,4.3625145
3/16/2023 10:53:00 AM,13,-208.691864,0.185310483,-0.312157631,466.678467,1575.54138,1648.87292,288.652557,352.816071,186.233765,-1.56841385,0.112301216,0.615175366,340.876129,72.84684,10.5983171,-2.05551338,0.0304774642,0.414287329,355.5371,125.048576,2.63095784
3/16/2023 10:53:00 AM,13,-208.691864,0.186177015,-0.310441643,471.148651,1493.21887,1641.90869,287.59314,352.038544,187.302261,-1.44845259,0.122748159,0.628148556,335.772369,70.17435,13.049634,-2.05447626,0.028369464,0.4136254,358.147766,125.5768,3.78817749
3/16/2023 10:53:00 AM,13,-208.691864,0.18951185,-0.310121924,478.719879,1397.2428,1637.76563,285.6955,357.2225,180.418335,-1.37712133,0.09903954,0.6267668,336.060272,72.22634,13.4008646,-2.05456829,0.0246676058,0.4134447,3.146204,125.9038,7.085977
3/16/2023 10:53:00 AM,13,-208.691772,0.179505244,-0.3194247,495.356,1291.35022,1642.823,283.460266,6.707138,168.203476,-1.35601425,0.04261949,0.615174,352.6863,78.50338,8.103828,-2.05023766,0.0377453864,0.4101538,17.654768,128.309814,7.10660839
3/16/2023 10:53:00 AM,13,-208.691772,0.190729871,-0.313268185,521.3988,1183.28271,1662.53918,280.8112,8.023193,167.069458,-1.352366,0.0348091424,0.615859151,356.7646,78.49643,7.17214966,-2.0029304,0.09822731,0.409805238,42.39475,148.897476,31.73544
3/16/2023 10:53:00 AM,13,-208.6918,0.182627842,-0.3125145,536.765747,1089.96777,1689.41589,278.978241,5.149532,169.51915,-1.35162592,0.0327430069,0.6155412,358.116882,78.54662,6.238561,-1.78978312,0.144806877,0.415058076,37.35511,153.788467,35.48662
3/16/2023 10:53:00 AM,13,-208.6919,0.140095353,-0.305582732,537.988464,997.801331,1709.01208,276.228851,8.969452,165.16069,-1.35132635,0.0329472423,0.6145316,359.565918,78.95018,5.071711,-1.43839025,0.0889105946,0.425965726,27.0442638,129.7915,10.2247858
3/16/2023 10:53:00 AM,13,-208.6919,0.142743319,-0.302613646,530.033,899.428955,1705.83777,275.302643,17.8010349,156.611984,-1.35021663,0.0311820954,0.613169,0.642579854,79.35507,1.85589647,-1.01708412,0.0446225777,0.385674417,358.418,128.728775,356.990662
3/16/2023 10:53:00 AM,13,-208.691956,0.1477932,-0.299136817,512.8914,783.7875,1696.10181,274.5204,26.6077633,147.5967,-1.34793854,0.03020937,0.612110853,4.484471,78.7068,359.870422,-0.707302332,0.0917095542,0.366894931,336.965454,126.31707,347.175781
3/16/2023 10:53:00 AM,13,-208.691986,0.1305646,-0.2932002,497.486542,679.459,1689.35974,273.991241,7.68958,165.070023,-1.34078681,0.0414437726,0.6150091,18.86099,77.98974,3.10065246,-0.64825654,0.0393177345,0.393529654,350.55368,114.208656,359.519135
3/16/2023 10:53:01 AM,13,-208.692,0.132258,-0.292269558,-0.490102053,1.70289636,0.484998822,6.752466,89.96894,352.820251,-1.3093828,0.08276108,0.6116885,47.327816,73.3192,1.28074634,-0.643907845,0.0255494416,0.391806,356.851685,113.432152,1.39423323
3/16/2023 10:53:01 AM,13,-208.691986,0.134686559,-0.2939237,-0.376701385,1.71492124,0.495156258,6.28009,84.88805,354.572357,-1.05310571,0.150322109,0.5751649,57.9662056,87.1639557,16.3821411,-0.6434832,0.0244879127,0.391953349,357.307526,113.129089,1.98805618
3/16/2023 10:53:01 AM,13,-208.692017,0.141451955,-0.2914883,-0.313085377,1.71958435,0.5100972,5.952664,81.54311,355.6789,-0.690845132,0.09527917,0.568217933,30.7257557,79.44508,14.0046988,-0.6425854,0.0259743109,0.391513437,358.451935,114.132973,0.336312354
3/16/2023 10:53:01 AM,13,-208.692,0.153220415,-0.2949146,-0.204576656,1.7091924,0.5415048,8.111215,78.9742661,356.866119,-0.2834881,0.05969055,0.6268017,355.815338,76.8808746,11.3671074,-0.6416286,0.0254066661,0.3904763,0.236262724,114.904495,1.04857516
3/16/2023 10:53:01 AM,13,-208.692139,0.134975433,-0.284318775,-0.08695737,1.68168008,0.575688839,8.65638351,78.61505,356.14798,0.000138774514,0.100028962,0.6683197,334.184845,80.28823,10.3281422,-0.6411327,0.0224502981,0.3902191,5.51407576,116.116348,4.71500063
3/16/2023 10:53:01 AM,13,-208.692169,0.132720262,-0.284144342,0.0410978124,1.67055833,0.605359435,9.904797,80.63614,357.665833,0.04701862,0.04311254,0.6569115,354.7833,83.7924652,7.874635,-0.6365448,0.03943006,0.3898786,23.206028,118.843613,6.07050848
3/16/2023 10:53:01 AM,13,-208.692169,0.133963287,-0.2838732,0.155054688,1.688026,0.623777449,4.694425,79.27991,0.305031925,0.050586205,0.0361576751,0.6574555,358.323517,83.93995,6.46011162,-0.547413647,0.129192188,0.397378027,55.66241,147.097275,38.86501
3/16/2023 10:53:01 AM,13,-208.692154,0.12779896,-0.284545362,0.268503159,1.73561609,0.631371856,349.346466,81.234436,8.712031,0.0516665578,0.03519348,0.655082166,359.6442,84.669426,3.721077,-0.2576981,0.134986758,0.377787232,41.07758,152.777359,32.64642
3/16/2023 10:53:01 AM,13,-208.692123,0.12580362,-0.28736645,0.370651543,1.79053748,0.626001239,338.6296,83.30835,359.513458,0.05290697,0.0328812972,0.6540754,1.24919951,84.74226,0.7637022,0.195043921,0.06643989,0.421578318,15.5640068,119.094978,356.405579
3/16/2023 10:53:01 AM,13,-208.692047,0.150996432,-0.2977371,0.466663033,1.81417131,0.608783066,331.506744,81.082756,1.51199329,0.0541137159,0.0308794826,0.6542775,3.64552355,84.1807861,0.148419544,0.5844317,0.07298377,0.395273924,345.806183,124.226936,342.040344
3/16/2023 10:53:02 AM,13,-208.692047,0.151937276,-0.301535428,0.5489872,1.82147026,0.5934552,328.036072,76.11949,3.33929348,0.0574074946,0.03322363,0.6531171,9.807345,83.6330948,0.5241506,0.695403,0.0535775572,0.425542,343.993958,117.142921,346.7221
3/16/2023 10:53:02 AM,13,-208.691956,0.178113356,-0.3069909,0.652712166,1.83640909,0.579924762,328.813049,71.57022,1.42893171,0.08249919,0.06510915,0.6502218,42.20493,84.79,10.1539946,0.7103869,0.0140324757,0.4312378,359.04657,112.670593,0.0277508162
3/16/2023 10:53:02 AM,13,-208.691956,0.1814253,-0.307310969,0.753115,1.85294032,0.5746359,330.952576,71.14814,356.965637,0.239052892,0.173434228,0.6357813,72.0592041,82.30264,11.48867,0.7102717,0.0109156892,0.433926553,0.5432761,111.680756,2.2949276
3/16/2023 10:53:02 AM,13,-208.691956,0.182369769,-0.307419538,0.8636636,1.86598158,0.5813588,328.9651,72.26043,7.120748,0.54414475,0.155423671,0.6116562,52.80527,89.5024948,18.7790279,0.711746037,0.0140948594,0.432467967,0.8357543,112.563034,1.3096807
3/16/2023 10:53:02 AM,13,-208.691956,0.1871854,-0.3069169,1.00228381,1.85900176,0.598383665,328.9861,67.21632,5.8768363,1.01461327,0.0537144542,0.638174,9.051891,82.94182,9.754056,0.7128802,0.0118502751,0.4305994,3.48380065,113.942413,5.62485361
3/16/2023 10:53:02 AM,13,-208.692,0.18663922,-0.305632174,1.10462487,1.8402096,0.619789064,327.375366,64.4878159,3.8983283,1.32626128,0.0652392358,0.6820198,340.4798,80.07692,5.00047064,0.7124557,0.0109065771,0.4340558,9.962932,114.369576,6.673147
3/16/2023 10:53:02 AM,13,-208.692047,0.1868447,-0.305820018,1.20691228,1.83383512,0.644141,322.369751,62.9778366,5.971454,1.39628971,0.01629357,0.6716089,359.716553,81.8715744,2.969061,0.7207787,0.03182459,0.4332156,28.1383343,117.584457,7.55663729
3/16/2023 10:53:02 AM,13,-208.692078,0.176886648,-0.304735631,1.32438481,1.84086621,0.6780284,329.070251,59.8360977,6.69787264,1.39891529,0.0158214271,0.6723849,359.545227,81.40277,359.9018,0.799738169,0.116554782,0.441004276,60.9634972,145.24144,37.813736
3/16/2023 10:53:02 AM,13,-208.692032,0.172835365,-0.303953022,1.43685412,1.85384738,0.692969263,328.1983,59.73521,5.19144,1.39853573,0.0129052252,0.6672341,3.06813335,83.28156,1.06469929,1.0801363,0.135498047,0.433597445,49.7296638,134.766251,27.3326626
3/16/2023 10:53:02 AM,13,-208.691986,0.171994463,-0.305050671,1.44750023,1.85556257,0.6943076,325.193054,58.0990257,7.757283,1.39869189,0.0142233372,0.6687552,2.0204742,82.97753,357.3442,1.46403635,0.0608299449,0.433314264,22.559454,113.400253,7.70054054
3/16/2023 10:53:03 AM,13,-208.69194,0.171774462,-0.304309636,1.44750023,1.85556257,0.6943076,323.986176,53.48673,9.440569,1.39872658,0.009406783,0.6674397,5.0466485,83.00894,356.973877,1.91695309,0.05058065,0.451831549,345.392029,103.036194,351.423279
3/16/2023 10:53:03 AM,13,-208.691879,0.172558278,-0.3048964,1.44750023,1.85556257,0.6943076,324.7105,46.4586563,14.884593,1.402104,0.0107667819,0.6676015,12.124321,80.00148,356.05542,1.90004742,0.100417465,0.350229472,285.352448,221.884247,56.3682365
3/16/2023 10:53:03 AM,13,-208.691833,0.173568308,-0.303795248,1.44750023,1.85556257,0.6943076,324.51297,43.22072,14.9264479,1.34357858,0.18400678,0.773264349,280.6496,71.63935,185.3771,1.90004742,0.100417465,0.350229472,285.352448,221.884247,56.3682365
3/16/2023 10:53:03 AM,13,-208.691788,0.171577469,-0.3045163,1.44750023,1.85556257,0.6943076,327.4604,33.1633949,15.92666,1.451608,0.08008632,0.6616003,59.96141,69.89825,1.52204454,1.90004742,0.100417465,0.350229472,285.352448,221.884247,56.3682365
3/16/2023 10:53:03 AM,13,-208.691727,0.1711196,-0.304770619,1.44750023,1.85556257,0.6943076,331.708679,24.28307,13.9790688,1.78789413,0.120550334,0.6877955,45.8938637,57.78723,357.054321,1.90004742,0.100417465,0.350229472,285.352448,221.884247,56.3682365
3/16/2023 10:53:03 AM,13,-208.6917,0.171177223,-0.303624034,1.44750023,1.85556257,0.6943076,333.0844,16.2004356,13.6059151,2.00449467,0.110255957,0.351738125,286.624084,144.905426,313.206543,1.90004742,0.100417465,0.350229472,285.352448,221.884247,56.3682365
3/16/2023 10:53:03 AM,13,-208.691635,0.1709979,-0.3044046,1.44750023,1.85556257,0.6943076,331.2297,7.71199226,13.00609,2.00449467,0.110255957,0.351738125,286.624084,144.905426,313.206543,2.05098224,0.005807154,0.5021045,4.799784,89.7865753,3.05223155
3/16/2023 10:53:03 AM,13,-208.691589,0.171068311,-0.3039355,1.44750023,1.85556257,0.6943076,330.2112,359.844482,12.8363876,2.00449467,0.110255957,0.351738125,286.624084,144.905426,313.206543,1.96650553,0.161075383,0.363141716,289.144531,111.760216,167.3769
3/16/2023 10:53:03 AM,13,-208.6915,0.1742671,-0.30445528,694.3076,-1447.50024,1855.56262,306.497375,237.28006,304.101257,2.00449467,0.110255957,0.351738125,286.624084,144.905426,313.206543,2.11755633,0.09905861,0.5144448,52.7722969,91.67916,12.1915817
3/16/2023 10:53:03 AM,13,-208.691345,0.172225416,-0.304946721,694.3076,-1447.50024,1855.56262,306.497375,237.28006,304.101257,2.00449467,0.110255957,0.351738125,286.624084,144.905426,313.206543,2.342314,0.128462717,0.58791256,43.158844,84.35738,24.2288265
3/16/2023 10:53:04 AM,13,-208.691208,0.172354683,-0.3053236,694.3076,-1447.50024,1855.56262,306.497375,237.28006,304.101257,2.00449467,0.110255957,0.351738125,286.624084,144.905426,313.206543,2.26129222,1.73087871,1.11358476,56.4665,277.3344,31.653511
3/16/2023 10:53:04 AM,13,-208.691025,0.173140064,-0.304814428,1244.27087,-2313.95874,1807.999,341.623016,61.9215546,83.4016342,2.00449467,0.110255957,0.351738125,286.624084,144.905426,313.206543,2.26129222,1.73087871,1.11358476,56.4665,277.3344,31.653511
3/16/2023 10:53:04 AM,13,-208.6909,0.1726388,-0.304472536,1332.65149,-2158.55273,1811.67761,21.5275955,245.2992,272.6286,2.00449467,0.110255957,0.351738125,286.624084,144.905426,313.206543,2.26129222,1.73087871,1.11358476,56.4665,277.3344,31.653511
3/16/2023 10:53:04 AM,13,-208.690765,0.173610434,-0.3039962,1406.35156,-2375.55884,1772.88159,26.2716961,250.5004,273.002045,2.00449467,0.110255957,0.351738125,286.624084,144.905426,313.206543,2.26129222,1.73087871,1.11358476,56.4665,277.3344,31.653511
3/16/2023 10:53:04 AM,13,-208.6906,0.171950072,-0.303885341,1487.79333,-2397.21655,1768.08716,32.4321556,250.421265,269.698517,2.00449467,0.110255957,0.351738125,286.624084,144.905426,313.206543,2.26129222,1.73087871,1.11358476,56.4665,277.3344,31.653511
3/16/2023 10:53:04 AM,13,-208.690445,0.1731246,-0.3050479,1576.73962,-2400.4978,1757.15234,35.675354,248.349884,263.562347,2.00449467,0.110255957,0.351738125,286.624084,144.905426,313.206543,2.26129222,1.73087871,1.11358476,56.4665,277.3344,31.653511
3/16/2023 10:53:04 AM,13,-208.690262,0.173108488,-0.304646552,1670.81018,-2383.03418,1719.86377,38.7916374,251.056854,260.662781,2.00449467,0.110255957,0.351738125,286.624084,144.905426,313.206543,2.26129222,1.73087871,1.11358476,56.4665,277.3344,31.653511
3/16/2023 10:53:04 AM,13,-208.690109,0.172461286,-0.304256767,1760.71692,-2339.23071,1667.49243,39.86686,251.242676,257.8911,2.00449467,0.110255957,0.351738125,286.624084,144.905426,313.206543,2.26129222,1.73087871,1.11358476,56.4665,277.3344,31.653511
3/16/2023 10:53:04 AM,13,-208.689941,0.172976658,-0.304174632,1850.635,-2276.17383,1612.41931,39.7426338,256.934753,260.46936,2.00449467,0.110255957,0.351738125,286.624084,144.905426,313.206543,2.26129222,1.73087871,1.11358476,56.4665,277.3344,31.653511
3/16/2023 10:53:04 AM,13,-208.6898,0.171851963,-0.304964751,1943.89978,-2206.61035,1566.17932,44.6538162,253.673141,258.01886,2.00449467,0.110255957,0.351738125,286.624084,144.905426,313.206543,2.26129222,1.73087871,1.11358476,56.4665,277.3344,31.653511
3/16/2023 10:53:05 AM,13,-208.689621,0.17276977,-0.3049013,2029.51355,-2145.21851,1527.40515,45.9365,255.674255,258.253662,2.00449467,0.110255957,0.351738125,286.624084,144.905426,313.206543,2.26129222,1.73087871,1.11358476,56.4665,277.3344,31.653511
3/16/2023 10:53:05 AM,13,-208.689468,0.17244567,-0.304542273,2112.99341,-2098.68433,1487.26013,46.3958435,258.635254,257.5327,2.00449467,0.110255957,0.351738125,286.624084,144.905426,313.206543,2.26129222,1.73087871,1.11358476,56.4665,277.3344,31.653511
3/16/2023 10:53:05 AM,13,-208.689316,0.171815977,-0.304808944,2185.04688,-2054.354,1451.25085,46.14662,261.3784,255.551422,2.00449467,0.110255957,0.351738125,286.624084,144.905426,313.206543,2.26129222,1.73087871,1.11358476,56.4665,277.3344,31.653511
3/16/2023 10:53:05 AM,13,-208.689224,0.171938375,-0.304564834,2.00158119,1.42497766,2.27998018,330.843079,355.963226,10.3269749,2.00449467,0.110255957,0.351738125,286.624084,144.905426,313.206543,2.26129222,1.73087871,1.11358476,56.4665,277.3344,31.653511
3/16/2023 10:53:05 AM,13,-208.689209,0.170574978,-0.304519743,1.9698416,1.40723944,2.333352,350.5931,315.588623,348.322937,2.00449467,0.110255957,0.351738125,286.624084,144.905426,313.206543,2.26129222,1.73087871,1.11358476,56.4665,277.3344,31.653511
3/16/2023 10:53:05 AM,13,-208.6892,0.17299369,-0.3037873,1.91919875,1.3748107,2.4117744,358.416718,314.5806,349.781647,2.00449467,0.110255957,0.351738125,286.624084,144.905426,313.206543,2.26129222,1.73087871,1.11358476,56.4665,277.3344,31.653511
3/16/2023 10:53:05 AM,13,-208.689148,0.172009334,-0.30429247,1.63557649,1.379889,2.43641162,358.492279,312.440369,350.42746,2.00449467,0.110255957,0.351738125,286.624084,144.905426,313.206543,2.26129222,1.73087871,1.11358476,56.4665,277.3344,31.653511
3/16/2023 10:53:05 AM,13,-208.6891,0.170926124,-0.304254442,1.58712327,1.35104191,2.46600819,356.80127,310.427673,347.314636,2.00449467,0.110255957,0.351738125,286.624084,144.905426,313.206543,2.26129222,1.73087871,1.11358476,56.4665,277.3344,31.653511
3/16/2023 10:53:05 AM,13,-208.689056,0.171998,-0.3036521,1.83644664,1.26515341,2.5257535,358.469,307.7805,351.6765,2.00449467,0.110255957,0.351738125,286.624084,144.905426,313.206543,2.26129222,1.73087871,1.11358476,56.4665,277.3344,31.653511
3/16/2023 10:53:05 AM,13,-208.689011,0.173353374,-0.304197878,1.83258963,1.25528979,2.52298164,356.7394,304.966064,354.007629,1.7747916,1.13831532,2.55468726,61.15248,222.768509,3.52761459,2.26129222,1.73087871,1.11358476,56.4665,277.3344,31.653511
3/16/2023 10:53:06 AM,13,-208.68895,0.171588331,-0.304240227,1.7810967,1.217012,2.4299376,351.992981,300.102264,356.7854,1.76521873,1.13561463,2.52867556,58.5449677,236.671051,23.9328518,2.26129222,1.73087871,1.11358476,56.4665,277.3344,31.653511
3/16/2023 10:53:06 AM,13,-208.6889,0.172660664,-0.30395183,1.82489455,1.20487833,2.39839125,345.755768,294.484131,1.46956468,1.79380441,1.13925636,2.50471473,60.4580078,254.785675,44.7113724,2.26129222,1.73087871,1.11358476,56.4665,277.3344,31.653511
3/16/2023 10:53:06 AM,13,-208.688858,0.172522917,-0.3048601,1.91427064,1.225836,2.36444521,336.2913,289.247864,0.925678134,1.7995131,1.14212084,2.49656272,60.141346,257.101318,48.4478073,2.26129222,1.73087871,1.11358476,56.4665,277.3344,31.653511
3/16/2023 10:53:06 AM,13,-208.6888,0.171715245,-0.304005861,2.03097463,1.23589706,2.31494212,330.5659,284.228058,2.63483667,1.7995131,1.14212084,2.49656272,60.141346,257.101318,48.4478073,2.26129222,1.73087871,1.11358476,56.4665,277.3344,31.653511
3/16/2023 10:53:06 AM,13,-208.688751,0.1724159,-0.303755,2.15026832,1.22825217,2.27518,331.9231,285.8437,357.793884,1.7995131,1.14212084,2.49656272,60.141346,257.101318,48.4478073,2.26129222,1.73087871,1.11358476,56.4665,277.3344,31.653511
3/16/2023 10:53:06 AM,13,-208.6887,0.1725015,-0.303664476,2.22074461,1.26045465,2.2547617,330.755341,285.496277,355.4992,1.7995131,1.14212084,2.49656272,60.141346,257.101318,48.4478073,2.26129222,1.73087871,1.11358476,56.4665,277.3344,31.653511
3/16/2023 10:53:06 AM,13,-208.688644,0.174067274,-0.3042159,2.29445553,1.28275168,2.23471284,328.493225,285.703918,355.397736,1.7995131,1.14212084,2.49656272,60.141346,257.101318,48.4478073,2.315498,1.14497745,2.233431,22.5913639,106.937233,69.43542
3/16/2023 10:53:06 AM,13,-208.6886,0.172378674,-0.3042802,2.33526444,1.27513623,2.22354245,326.2951,284.102661,355.761719,1.7995131,1.14212084,2.49656272,60.141346,257.101318,48.4478073,2.315498,1.14497745,2.233431,22.5913639,106.937233,69.43542
3/16/2023 10:53:06 AM,13,-208.688538,0.1726041,-0.304409921,2.333792,1.26603544,2.19600558,326.3611,285.772766,353.755585,1.7995131,1.14212084,2.49656272,60.141346,257.101318,48.4478073,2.315498,1.14497745,2.233431,22.5913639,106.937233,69.43542
3/16/2023 10:53:06 AM,13,-208.688492,0.173268363,-0.304467827,2.33496666,1.277895,2.23621,324.9426,285.551971,352.9308,1.7995131,1.14212084,2.49656272,60.141346,257.101318,48.4478073,2.315498,1.14497745,2.233431,22.5913639,106.937233,69.43542
3/16/2023 10:53:07 AM,13,-208.688431,0.174029261,-0.3047383,2.30323863,1.26956975,2.24817133,323.686218,285.393,352.448,1.7995131,1.14212084,2.49656272,60.141346,257.101318,48.4478073,2.315498,1.14497745,2.233431,22.5913639,106.937233,69.43542
3/16/2023 10:53:07 AM,13,-208.688385,0.172530532,-0.303684831,2.25481462,1.25842059,2.26571441,325.2747,285.368225,351.193054,1.7995131,1.14212084,2.49656272,60.141346,257.101318,48.4478073,2.315498,1.14497745,2.233431,22.5913639,106.937233,69.43542
3/16/2023 10:53:07 AM,13,-208.688339,0.172245532,-0.304233581,2.20741439,1.2459656,2.28188658,326.876617,282.8953,353.940247,1.7995131,1.14212084,2.49656272,60.141346,257.101318,48.4478073,2.315498,1.14497745,2.233431,22.5913639,106.937233,69.43542
3/16/2023 10:53:07 AM,13,-208.688309,0.172433466,-0.303677738,2.16390848,1.24208927,2.2921617,324.087158,282.200958,353.379,1.7995131,1.14212084,2.49656272,60.141346,257.101318,48.4478073,2.315498,1.14497745,2.233431,22.5913639,106.937233,69.43542
3/16/2023 10:53:07 AM,13,-208.688248,0.172085673,-0.304192424,2.130158,1.25327611,2.30139947,323.290649,283.18573,351.614136,1.7995131,1.14212084,2.49656272,60.141346,257.101318,48.4478073,2.315498,1.14497745,2.233431,22.5913639,106.937233,69.43542
3/16/2023 10:53:07 AM,13,-208.688187,0.170562014,-0.304548562,2.105447,1.25280082,2.31390476,324.503174,285.2843,349.1219,1.7995131,1.14212084,2.49656272,60.141346,257.101318,48.4478073,2.315498,1.14497745,2.233431,22.5913639,106.937233,69.43542
3/16/2023 10:53:07 AM,13,-208.688156,0.173131049,-0.3044804,2.07956839,1.2581023,2.3122046,324.035,285.300385,349.597351,1.7995131,1.14212084,2.49656272,60.141346,257.101318,48.4478073,2.315498,1.14497745,2.233431,22.5913639,106.937233,69.43542
3/16/2023 10:53:07 AM,13,-208.6881,0.173457921,-0.3040628,2.06000352,1.2662375,2.30447125,325.0115,284.2667,352.667053,1.7995131,1.14212084,2.49656272,60.141346,257.101318,48.4478073,2.315498,1.14497745,2.233431,22.5913639,106.937233,69.43542
3/16/2023 10:53:07 AM,13,-208.688034,0.1714274,-0.304983675,2.06354976,1.27759314,2.29862046,321.756,283.826721,353.109375,1.7995131,1.14212084,2.49656272,60.141346,257.101318,48.4478073,2.315498,1.14497745,2.233431,22.5913639,106.937233,69.43542
3/16/2023 10:53:07 AM,13,-208.688,0.174031824,-0.304315358,2.07893515,1.29161859,2.2953546,321.880859,282.782684,354.2434,1.7995131,1.14212084,2.49656272,60.141346,257.101318,48.4478073,2.315498,1.14497745,2.233431,22.5913639,106.937233,69.43542
3/16/2023 10:53:08 AM,13,-208.687943,0.172505558,-0.304394782,2.08270216,1.30044937,2.2968843,321.408142,281.202454,354.681641,1.7995131,1.14212084,2.49656272,60.141346,257.101318,48.4478073,2.315498,1.14497745,2.233431,22.5913639,106.937233,69.43542
3/16/2023 10:53:08 AM,13,-208.6879,0.17370446,-0.304457545,2.08309865,1.30270207,2.30599761,324.134827,278.035767,357.961761,1.7995131,1.14212084,2.49656272,60.141346,257.101318,48.4478073,2.315498,1.14497745,2.233431,22.5913639,106.937233,69.43542
3/16/2023 10:53:08 AM,13,-208.687851,0.173027411,-0.303887218,2.07715368,1.30066431,2.31829023,325.534546,277.5625,354.891663,1.7995131,1.14212084,2.49656272,60.141346,257.101318,48.4478073,2.315498,1.14497745,2.233431,22.5913639,106.937233,69.43542
3/16/2023 10:53:08 AM,13,-208.6878,0.171984047,-0.303322554,2.072867,1.30184937,2.3397162,325.381042,277.7311,355.290833,1.7995131,1.14212084,2.49656272,60.141346,257.101318,48.4478073,2.315498,1.14497745,2.233431,22.5913639,106.937233,69.43542
3/16/2023 10:53:08 AM,13,-208.687759,0.171738848,-0.304344,2.067059,1.301285,2.34863281,326.1831,277.6899,355.224548,1.7995131,1.14212084,2.49656272,60.141346,257.101318,48.4478073,2.315498,1.14497745,2.233431,22.5913639,106.937233,69.43542
3/16/2023 10:53:08 AM,13,-208.6877,0.170281053,-0.304693669,2.058203,1.29950011,2.35518765,327.159149,276.371918,356.510162,1.7995131,1.14212084,2.49656272,60.141346,257.101318,48.4478073,2.315498,1.14497745,2.233431,22.5913639,106.937233,69.43542
3/16/2023 10:53:08 AM,13,-208.687668,0.172612429,-0.304410934,2.05136728,1.29705739,2.36136842,327.233643,276.6153,353.519073,1.7995131,1.14212084,2.49656272,60.141346,257.101318,48.4478073,2.315498,1.14497745,2.233431,22.5913639,106.937233,69.43542
3/16/2023 10:53:08 AM,13,-208.6876,0.171144,-0.304345518,2.03511286,1.2934866,2.35880065,326.7728,277.289856,353.3325,1.7995131,1.14212084,2.49656272,60.141346,257.101318,48.4478073,2.315498,1.14497745,2.233431,22.5913639,106.937233,69.43542
3/16/2023 10:53:08 AM,13,-208.687576,0.172643512,-0.3039816,2.01705074,1.29260862,2.348607,326.244934,277.870575,354.872925,1.7995131,1.14212084,2.49656272,60.141346,257.101318,48.4478073,2.315498,1.14497745,2.233431,22.5913639,106.937233,69.43542
